Country,City,Code
 Denmark ,Aalborg,AAL
 Norway ,Aalesund,AES
 Denmark - Bus service ,Aarhus,ZID
 Denmark - Tirstrup ,Aarhus,AAR
 Greenland ,Aasiaat,JEG
 Iran ,Abadan,ABD
 Russia ,Abakan,ABA
 BC ,Abbotsford,YXX
 SD ,Aberdeen,ABR
 United Kingdom ,Aberdeen,ABZ
 Saudi Arabia ,Abha,AHB
 Cote d'Ivoire ,Abidjan,ABJ
 TX ,Abilene,ABI
 United Arab Emirates ,Abu Dhabi,AUH
 Egypt ,Abu Simbel,ABS
 Nigeria ,Abuja,ABV
 Mexico ,Acapulco,ACA
 Venezuela ,Acarigua,AGV
 Ghana ,Accra,ACC
 AK ,Adak Island,ADK
 Turkey ,Adana,ADA
 Ethopia ,Addis Ababa,ADD
 Australia ,Adelaide,ADL
 Yemen ,Aden,ADE
 Russia ,Adler/Sochi,AER
 Algeria ,Adrar,AZR
 Soloman Islands ,Afutara,AFT
 Morocco ,Agadir,AGA
 India ,Agartala,IXA
 Papua New Guinea ,Agaun,AUP
 France ,Agen,AGF
 India ,Agra,AGR
 Turkey ,Agri,AJI
 Puerto Rico ,Aguadilla,BQN
 Mexico ,Aguascalientes,AGU
 Japan ,Aguni,AGJ
 India ,Ahmedabad,AMD
 Iran ,Ahwaz,AWZ
 Marshall Islands ,Ailuk Island,AIM
 Mauritania ,Aioun El Atrouss,AEO
 Marshall Islands ,Airok,AIC
 Cook Islands ,Aitutaki,AIT
 India ,Aizawl,AJL
 France ,Ajaccio,AJA
 AK ,Akiachak,KKI
 AK ,Akiak,AKI
 Japan ,Akita,AXT
 OH ,Akron/Canton,CAK
 China ,Aksu,AKU
 Kazakhstan ,Aktyubinsk,AKX
 QC ,Akulivik,AKV
 Iceland ,Akureyri,AEY
 AK ,Akuton,KQA
 United Arab Emirates ,Al Ain,AAN
 Egypt ,Al Arish,AAC
 Yemen ,Al Ghaydah,AAY
 Morocco ,Al Hoceima,AHU
 AK ,Alakanuk,AUK
 NM ,Alamogordo,ALM
 CO ,Alamosa,ALS
 Saudi Arabia ,Al-Baha,ABT
 NY ,Albany,ALB
 OR - Bus service ,Albany,CVO
 OR - Bus service ,Albany,QWY
 NM ,Albuquerque,ABQ
 Australia ,Albury,ABX
 United Kingdom ,Alderney,ACI
 ON - Rail service ,Aldershot,XLY
 AK ,Aleknagik,WKK
 Syrian Arab Republic ,Aleppo,ALP
 South Africa ,Alexander Bay,ALJ
 Egypt ,Alexandria,ALY
 LA ,Alexandria,AEX
ON - Rail service ,Alexandria,XFS
 Greece ,Alexandroupolis,AXD
 United Arab Emirates ,Al-Fujairah,FJR
 Italy ,Alghero,AHO
 Algeria ,Algiers,ALG
 Spain ,Alicante,ALC
 Australia ,Alice Springs,ASP
 AK ,Allakaket,AET
 PA ,Allentown,ABE
 NE ,Alliance,AIA
 QC ,Alma,YTF
 Kazakhstan ,Almaty,AKX
 Spain ,Almeria,LEI
 Indonesia ,Alor Island,ARD
 Malaysia ,Alorsetar,AOR
 Papua New Guinea ,Alotau,GUR
 MI ,Alpena,APN
 Norway ,Alta,ALF
 Brazil ,Altamira,ATM
 China ,Altay,AAT
 Switzerland ,Altenrhein,ACH
 Argentina ,Alto Rio Senguerr,ARR
 PA ,Altoona,AOO
 Japan ,Amami O Shima,ASJ
 TX ,Amarillo,AMA
 Papua New Guinea ,Amazon Bay,AZB
 Madagascar ,Ambanja,IVA
 Madagascar ,Ambatomainty,AMY
 Madagascar ,Ambatondrazaka,WAM
 AK ,Ambler,ABL
 Indonesia ,Ambon,AMQ
 Kenya ,Amboseli,ASV
 Russia ,Amderma,AMV
 Jordan - Civil/Marka Airport ,Amman,ADJ
 Jordan - Queen Alia International ,Amman,AMM
 India ,Amritsar,ATQ
 Netherlands ,Amsterdam,AMS
 Russia ,Anadyr,DYR
 BC ,Anahim Lake,YAA
 AK ,Anaktueuk,AKP
 Madagascar ,Analalava,HVA
 Russia ,Anapa,AAQ
 AK ,Anchorage,ANC
 Italy ,Ancona,AOI
 Norway ,Andenes,ANX
 Uzbekistan ,Andizhan,AZN
 Vanuatu ,Aneityum,AUY
 Sweden ,Angelholm/Helsingborg,JHE
 France - Marce ,Angers,ANE
 France - Rail service ,Angers,QXG
 Indonesia ,Anggi,AGD
 China ,Anging,AQG
 ON ,Angling Lake,YAX
 AK ,Angoon,AGN
 France ,Angouleme,ANG
 Anguilla ,Anguilla,AXA
 AK ,Aniak,ANI
 Vanuatu ,Aniwa,AWD
 China ,Ankang,AKA
 Turkey - Esenboga ,Ankara,ESB
 Turkey - Etimesqut ,Ankara,ANK
 Madagascar ,Ankavandra,JVA
 Algeria ,Annaba,AAE
 France ,Annecy,NCY
 Madagascar ,Antalaha,ANM
 Turkey ,Antalya,AYT
 Madgascar ,Antaninvarivo,TNR
 Antigua and Barbuda ,Antigua,ANU
 Chile ,Antofagasta,ANF
 Madagascar ,Antsalova,WAQ
 Madagascar ,Antsiranana,DIE
 Madagascar ,Antsohihy,WAI
 Belgium - Bus service ,Antwerp,ZAY
 Belgium - Deurne Airport ,Antwerp,ANR
 AK ,Anvik,ANV
 Japan ,Aomori,AOJ
 Italy ,Aosta,AOT
 Colombia ,Apartado,APO
 Western Samoa ,Apia,APW
 Western Samoa ,Apia,FGI
 WI ,Appleton,ATW
 Jordan ,Aqaba,AQJ
 Brazil ,Araca,AJU
 Brazil ,Aracatuba,ARU
 Romania ,Arad,ARW
 Papua New Guinea ,Aragip,ARP
 Brazil ,Araguaina,AUX
 Brazil ,Arapoti,AAG
 Saudi Arabia ,Arar,RAE
 Colombia ,Arauca,AUC
 Ethiopia ,Arba Mintch,AMH
 CA ,Arcata,ACV
 NU ,Arctic Bay,YAB
 AK ,Arctic Village,ARC
 Iran ,Ardabil,ADU
 Peru ,Arequipa,AQP
 Sweden ,Argelholm/Helsingborg,AGH
 Australia ,Argyle,GYL
 Chile ,Arica,ARI
 Russia ,Arkangelsk,ARH
 Colombia ,Armenia,AXM
 Australia ,Armidale,ARM
 Bahamas ,Arthur's Town,ATC
 Uganda ,Arua,RUA
 Aruba ,Aruba,AUA
 Tanzania ,Arusha,ARK
 NU ,Arviat,YEK
 Sweden ,Arvidsjaur,AJR
 Japan ,Asahikawa,AKJ
 NC ,Asheville,AVL
 Turkmenistan ,Ashgabat,ASB
 KY/Huntington,Ashland,HTS
 Eritrea ,Asmara,ASM
 Ethopia ,Asosa,ASO
 CO ,Aspen,ASE
 Egypt ,Assiut,ATZ
 Kazakhstan ,Astana,TSE
 Russia ,Astrakhan,ASF
 Spain and Canary Islands ,Asturias,OVD
 Paraguay ,Asuncion,ASU
 Egypt ,Aswan,ASW
 Yemen ,Ataq,AXK
 GA ,Athens,AHN
 Greece ,Athens,ATH
 Cook Islands ,Atiu Island,AIU
 AK ,Atka,AKB
 GA ,Atlanta,ATL
 NJ ,Atlantic City,AIY
 Solomon Islands ,Atoifi,ATD
 AK ,Atqasuk,ATK
 ON ,Attawapiskat,YAT
 French Polynesia ,Atuona,AUQ
 Kazakhstan ,Atyrau,GUW
 New Zealand ,Auckland,AKL
 Germany ,Augsburg/Munich,AGB
 GA ,Augusta,AGS
 ME ,Augusta,AUG
 Solomon Islands ,Auki,AKS
 QC ,Aupaluk,YPJ
 Marshall Islands ,Aur Island,AUL
 India ,Aurangabad,IXU
 France ,Aurillac,AUR
 Australia ,Aurukun,AUU
 TX ,Austin,AUS
 France ,Avignon,AVN
 Indonesia ,Ayawaki,AYW
 Australia ,Ayers Rock,AYQ
 Indonesia ,Babo,BXB
 Philippines ,Bacolod,BCD
 Spain ,Badajcz,BJZ
 Indonesia ,Bade,BXD
 Australia ,Badu Island,BDD
 India ,Bagdogra,IXB
 QC ,Bagotville,YBG
 Ethiopia ,Baharpar,BJR
 Pakistan ,Bahawalpur,BHV
 Argentina ,Bahia Blanca,BHI
 Panama ,Bahia Pinas,BFQ
 Colombia ,Bahia Solano,BSC
 Bahrain ,Bahrain,BAH
 Romania ,Baia Mare,BAY
 QC ,Baie Comeau,YBC
 Papua New Guinea ,Baimuru,VMU
 NU ,Baker Lake,YBK
 CA ,Bakersfield,BFL
 Azerbaijan ,Baku,GYD
 Solomon Islands ,Balalae,BAS
 Turkey ,Balikesir,BZI
 Indonesia ,Balikpapan,BPN
 Papua New Guinea ,Balimo,OPU
 Australia ,Ballina,BNK
 Chile ,Balmaceda,BBA
 MD ,Baltimore,BWI
 Iran ,Bam,BXR
 Australia ,Bamaga,ABM
 Mali ,Bamako,BKO
 Indonesia ,Banda Aceh,BTJ
 Iran ,Bandar Abbas,BND
 Indonesia - Branti ,Bandar Lampung,TKG
 Iran ,Bandar Lengeh,BDH
 Brunei ,Bandar Seri Begawan,BWN
 Indonesia ,Bandung,BDO
 India ,Bangalore,BLR
 China ,Bangda,BPX
 Thailand ,Bangkok,BKK
 ME ,Bangor,BGR
 Bosnia Herzegovina ,Banja Luka,BNX
 Indonesia ,Banjarmasin,BDJ
 Gambia ,Banjul,BJL
 Viet Nam - Phung-Doc ,Banmethuot,BMV
 Pakistan ,Bannu,BNP
 Central African Republic ,Banqui,BGF
 China ,Baoshan,BSD
 China ,Baotou,BAV
 ME ,Bar Harbour,BHB
 Cuba ,Baracoa,BCA
 Australia ,Barcaldine,BCI
 Spain ,Barcelona,BCN
 Venezuela ,Barcelona,BLA
 Norway ,Bardufoss,BDU
 Italy ,Bari,BRI
 Venezuela ,Barinas,BNS
 Malaysia ,Bario,BBN
 Bangladesh ,Barisal,BZL
 Russia ,Barnaul,BAX
 Venezuela ,Barquisimeto,BRM
 Costa Rica ,Barra Colorado,BCL
 United Kingdom ,Barra,BRR
 Colombia ,Barran Cabermeja,EJA
 Colombia ,Barranquilla,BAQ
 Brazil ,Barreiras,BRA
 AK ,Barrow,BRW
 AK ,Barter Island,BTI
 Philippines ,Basco,BSO
 Switzerland ,Basel,BSL
 Switzerland ,Basel/Mulhouse Railway Station,ZDH
 Iran ,Bashehr,BUZ
 France ,Bastia,BIA
 Indonesia ,Batam,BTH
 NB ,Bathhurst,ZBF
 Australia ,Bathurst Island,BRT
 Australia ,Bathurst,BHS
 Turkey ,Batman,BAL
 Algeria ,Batna,BLJ
 Indonesia ,Batom,BXM
 LA ,Baton Rouge,BTR
 Norway ,Batsfijord,BJF
 Cambodia ,Battambang,BBM
 Georgia ,Batumi,BUS
 Solomon Islands ,Batuna,BPF
 Brazil ,Bauru,BAU
 MI ,Bay City,MBS
 Cuba ,Bayamo,BYM
 Germany ,Bayreuth,BYU
 ON ,Bearskin Lake,XBE
 TX ,Beaumont/Port Arthur,BPT
 CO - Van service ,Beaver Creek,ZBV
 AK ,Beaver,WBQ
 Algeria ,Bechar,CBH
 WV ,Beckley,BKW
 MA ,Bedford,BED
 Australia ,Bedourie,BEU
 British Virgin Islands ,Beef Island,EIS
 Ethiopia ,Beica,BEI
 Libya - La Braq ,Beida,LAQ
 China ,Beihai,BHY
 China ,Beijing,PEK
 Mozambique ,Beira,BEW
 Lebanon ,Beirut,BEY
 Algeria ,Bejaia,BJA
 Mozambique ,Belaga,BLG
 Brazil ,Belem,BEL
 New Caledonia ,Belep Island,BMY
 United Kingdom ,Belfast,BFS
 United Kingdom ,Belfast,BHD
 Russia ,Belgorod,EGO
 Serbia and Montenegro - Beograd ,Belgrade,BEG
 Belize - International ,Belize City,BZE
 Belize - Municipal ,Belize City,TZA
 BC ,Bella Bella,ZEL
 BC ,Bella Coola,QBC
 IL ,Belleville,BLV
 ON - Rail service ,Belleville,XVV
 WA ,Bellingham,BLI
 Solomon Islands ,Bellona,BNY
 Brazil - Pampulha ,Belo Horizonte,PLU
 Brazil - Tancredo Neves Intl. ,Belo Horizonte,CNF
 Madagascar ,Belo,BMD
 MN ,Bemidji,BJI
 United Kingdom ,Benbecula,BEB
 Libya ,Benghazi,BEN
 Indonesia ,Bengkulu,BKS
 MI ,Benton Harbor,BEH
 Indonesia ,Berau,BEJ
 Somalia ,Berbera,BBO
 MB ,Berens River,YBV
 Norway ,Bergen,BGO
 France ,Bergerac,EGC
 Norway ,Berlevag,BVG
 Germany - All airports ,Berlin,BER
 Germany - Schoenefeld ,Berlin,SXF
 Germany - Tegel ,Berlin,TXL
 Germany - Tempelhof ,Berlin,THF
 Bermuda ,Bermuda,BDA
 Switzerland - Belp Airport ,Berne,BRN
 Switzerland - Rail service ,Berne,ZDJ
 Madagascar ,Besalampy,BPY
 AK ,Bethel,BET
 PA ,Bethlehem,ABE
 AK ,Bettles,BTT
 France ,Beziers,BZR
 Nepal ,Bhadrapur,BDP
 Nepal ,Bhairawa,BWA
 Myanmar ,Bhamo,BMO
 Nepal ,Bharatpur,BHR
 India ,Bhavnagar,BHU
 India ,Bhopal,BHO
 India ,Bhubaneswar,BBI
 India ,Bhuj,BHJ
 Indonesia ,Biak,BIK
 France ,Biarritz,BIQ
 ON ,Big Trout,YTL
 Marshall Islands ,Bikini Atoll,BII
 Spain ,Bilbao,BIO
 MT ,Billings,BIL
 Denmark ,Billund,BLL
 MS ,Biloxi/Gulfport,GPT
 Indonesia ,Bima,BMU
 Bahamas ,Bimini,BIM
 Bahamas ,Bimini,NSB
 NY ,Binghamton,BGM
 Malaysia ,Bintulu,BTU
 Indonesia ,Bintuni,NTI
 Nepal ,Biratragar,BIR
 AK ,Birch Creek,KBC
 Australia ,Birdsville,BVI
 AL ,Birmingham,BHM
 United Kingdom ,Birmingham,BHX
 Saudi Arabia ,Bisha,BHH
 Kyrgyzstan ,Bishkek,FRU
 Algeria ,Biskra,BSK
 ND ,Bismarck,BIS
 Guinea-Bissau ,Bissau,OXB
 NL ,Black Tickle,YBI
 Australia ,Blackall,BKQ
 United Kingdom ,Blackpool,BLK
 Australia ,Blackwater,BLT
 Russia ,Blagoveschensk,BQS
 QC ,Blanc Sablon,YBX
 Malawi ,Blantyre,BLZ
 New Zealand ,Blenheim,BHE
 Brazil ,Blo Horizonte,CNF
 RI ,Block Island,BID
 South Africa ,Bloemfontein,BFN
 IL ,Bloomington,BMI
 WV ,Bluefield,BLF
 Cape Verde ,Boa Vista,BVC
 Papua New Guinea ,Boang,BOV
 Brazil ,Boavista,BVB
 Panama ,Bocas Del Toro,BOC
 Norway ,Bodo,BOO
 Turkey ,Bodrum,BJV
 Colombia ,Bogota,BOG
 Australia ,Boiju Island,GIC
 ID ,Boise,BOI
 Iran ,Bojnord,BJB
 Indonesia ,Bokondini,BUI
 Croatia ,Bol,BWK
 Italy ,Bolzano,BZO
 Congo ,Boma,BOA
 India ,Bombay,BOM
 Netherlands Antilles ,Bonaire,BON
 QC ,Bonaventure,YVB
 Germany ,Bonn,BNJ
 French Polynesia ,Bora Bora,BOB
 France ,Bordeaux,BOD
 Egypt ,Borg El Arab,HBE
 Germany ,Borkum,BMK
 Sweden ,Borlange,BLE
 Denmark ,Bornholm,RNN
 Australia ,Borroloola,BOX
 Somalia ,Bossaro,BSA
 MA ,Boston,BOS
 CO - Bus service ,Boulder,XHH
 CO - Hiltons Har H ,Boulder,WHH
 CO - Municipal Airport ,Boulder,WBU
 Australia ,Boulia,BQL
 AK ,Boundary,BYA
 Bulgaria ,Bourgas,BOJ
 Australia ,Bourke,BRK
 United Kingdom ,Bournemouth,BOH
 KY ,Bowling Green,BWG
 MT ,Bozeman,BZN
 Libya ,Brack,BCQ
 PA ,Bradford,BFD
 MN ,Brainerd,BRD
 Australia ,Brampton Island,BMP
 ON - Rail service ,Brampton,XPN
 MB ,Brandon,YBR
 ON - Rail service ,Brantford,XFV
 Brazil ,Brasilia,BSB
 Slovakia ,Bratislava,BTS
 Russia ,Bratsk,BTK
 Denmark ,Braunschweig,BWE
 TX ,Brawnwood,BWD
 Congo ,Brazzaville,BZV
 CO - Van service ,Breckenridge,QKB
 Germany ,Bremen,BRE
 France ,Brest,BES
 Australia ,Brewarrina,BWQ
 Barbados ,Bridgetown,BGI
 Italy ,Brindisi,BDS
 Australia ,Brisbane,BNE
 United Kingdom ,Bristol,BRS
 VA ,Bristol,TRI
 France - Laroche,Brive-La-Gaillarde,BVE
 Czech Republic - Bus service ,Brno,ZDN
 Czech Republic - Turany ,Brno,BRQ
 MB ,Brochet,YBT
 ON ,Brockville,XBR
 Australia ,Broken Hill,BHQ
 Norway ,Bronnoysund,BNN
 SD ,Brookings,BKX
 AK ,Brooks Lodge,RBH
 Australia ,Broome,BME
 TX ,Brownsville,BRO
 GA ,Brunswick,BQK
 Honduras ,Brus Laguna,BHG
 Belgium - National ,Brussels,BRU
 Belgium - Rail service ,Brussels,ZYR
 Belguim - Charleroi ,Brussels,CRL
 Colombia ,Bucaramanga,BGA
 Romania - Baneasa ,Bucharest,BBU
 Romania - Otopeni International ,Bucharest,OTP
 AK ,Buckland,BKC
 Hungary ,Budapest,BUD
 Argentina - Jorge Newbery ,Buenos Aires,AEP
 Argentina - Ministro Pistarini ,Buenos Aires,EZE
 NY ,Buffalo,BUF
 Russia ,Bugulma,UUA
 Burundi ,Bujumbura,BJM
 Papua New Guinea ,Buka,BUA
 Uzbekistan ,Bukhara,BHK
 Malaysia ,Bukoba,BKZ
 Zimbabwe ,Bulawayo,BUQ
 Russia ,Bulgulma,UUA
 AZ ,Bullhead City/Laughlin,IFP
 Australia ,Bundaberg,BDB
 Papua New Guinea ,Bunsil,BXZ
 Somalia ,Burao,BUO
 CA ,Burbank,BUR
 Fiji ,Bureta,LEV
 Thailand ,Buri Ram,BFV
 Australia ,Burketown,BUC
 IA ,Burlington,BRL
 VT ,Burlington,BTV
 Australia ,Burnie,BWT
 BC ,Burns Lake,YPZ
 South Korea - Gimhae ,Busan,PUS
 MT ,Butte,BTM
 Philippines ,Butuan,BXU
 Poland ,Bydgoszcz,BZG
 Mexico ,Cabo San Lucas,SJD
 France ,Caen,CFR
 Philippines - Lumbia ,Cagayan De Oro,CGY
 Italy ,Cagliari,CAG
 Australia ,Cairns,CNS
 Egypt ,Cairo,CAI
 Peru ,Cajamarca,CJA
 Nigeria ,Calabar,CBQ
 Chile ,Calama,CJC
 India ,Calcutta,CCU
 AB ,Calgary,YYC
 Colombia ,Cali,CLO
 France ,Calvi,CLY
 Cuba ,Camaguey,CMW
 NU ,Cambridge Bay,YCB
 United Kingdom ,Cambridge,CBG
 Argentina ,Camodoro,CRD
 BC ,Campbell River,YBL
 NB - Rail service ,Campbellton,XAZ
 United Kingdom ,Campbeltown,CAL
 Mexico ,Campeche,CPE
 Brazil ,Campina Grande,CPV
 Brazil ,Campinas,CPQ
 Brazil ,Campo Grande,CGR
 Brazil ,Campos,CAW
 Venezuela ,Canaima,CAS
 Australia ,Canberra,CBR
 Mexico ,Cancun,CUN
 France - Coisette Heliport ,Cannes,JCA
 France - Mandelieu ,Cannes,CEQ
 France - Vieux Port ,Cannes,QYW
 Saint Vincent and the Grenadines ,Canouan,CIW
 OH ,Canton/Akron,CAK
 Haiti ,Cap Haitien,CAP
 NU ,Cape Dorset,YTE
 MO ,Cape Girardeau,CGI
 AK ,Cape Lisburne,LUR
 AK ,Cape Newenham,EHM
 Papua New Guinea ,Cape Orford,CPI
 South Africa ,Cape Town,CPT
 Papua New Guinea ,Cape Vogel,CVL
 ON - Rail service ,Capreol,XAW
 Venezuela ,Caracas,CCS
 Brazil ,Carajas,CKS
 IL ,Carbondale,MDH
 France ,Carcassonne,CCF
 United Kingdom ,Cardiff,CWL
 CA ,Carlsbad,CLD
 NM ,Carlsbad,CNM
 CA ,Carmel,MRY
 Australia ,Carnarvon,CVQ
 Costa Rica ,Carrillo,RIK
 Colombia ,Cartagena,CTG
 NL ,Cartwright,YRF
 Venezuela ,Carupani,CUP
 Morocco - Anfa ,Casablanca,CAS
 Morocco - Mohamed V ,Casablanca,CMN
 Brazil ,Cascavel,CAC
 Australia ,Casino,CSI
 WY ,Casper,CPR
 ON - Rail service ,Casselman,XZB
 Fiji ,Castaway,CST
 BC ,Castlegar,YCG
 France ,Castres,DCM
 ON ,Cat Lake,YAC
 Argentina ,Catamarca,CTC
 Italy ,Catania,CTA
 Colombia ,Caucasia,CAQ
 Brazil ,Caxias Do Sul,CXJ
 French Guiana ,Cayenne,CAY
 Cambodia ,Cayman Brac Is,CYB
 Cuba ,Cayo Largo Del Sur,CYO
 Philippines - Matan International ,Cebu,CEB
 UT ,Cedar City,CDC
 IA ,Cedar Rapids,CID
 Australia ,Cedun,CED
 AK ,Central,CEM
 Spain and Canary Islands ,Ceuta,JCU
 NE ,Chadron,CDR
 Iran ,Chah-Bahar,ZBR
 AK ,Chalkyitsik,CIK
 France ,Chambery,CMF
 QC - Rail service ,Chambord,XCI
 IL ,Champaign/Urbana,CMI
 India ,Chandigarh,IXC
 QC - Rail service ,Chandler,XDL
 China ,Changchun,CGQ
 China ,Changde,CGD
 Panama ,Changuinda,CHX
 China ,Changzhou,CZX
 Greece ,Chania,CHQ
 China ,Chaoyang,CHG
 Brazil ,Chapeco,XAP
 ON ,Chapleau,YLD
 SC ,Charleston,CHS
 WV ,Charleston,CRW
 Australia ,Charleville,CTL
 NC ,Charlotte,CLT
 VA ,Charlottesville,CHO
 NL ,Charlottetown,YHG
 PE ,Charlottetown,YYG
 New Zealand ,Chatham Island,CHT
 ON ,Chatham,XCM
 TN ,Chattanooga,CHA
 Russia ,Cheboksary,CSY
 AK ,Chefornak,CYF
 Russia ,Chelybinsk,CEK
 BC - Rail service ,Chemainus,XHS
 India ,Chennai,MAA
 South Korea ,Cheongju,CJJ
 Russia ,Cherepovets,CEE
 China ,Chergdu,CTU
 United Kingdom ,Chester,CEG
 NU ,Chesterfield Inlet,YCS
 Mexico ,Chetumal,CTM
 AK ,Chevak,VAK
 Russia ,Chevepovets,CEE
 QC ,Chevery,YHR
 WY ,Cheyenne,CYS
 Taiwan ,Chi Mei,CMJ
 Thailand ,Chiang Mai,CNX
 Thailand ,Chiang Rai,CEI
 Taiwan ,Chiayi,CYI
 QC ,Chibougamau,YMT
 IL - All airports ,Chicago,CHI
 IL - Midway ,Chicago,MDW
 IL - O'Hare ,Chicago,ORD
 Peru ,Chicayo,CIX
 AK ,Chicken,CKX
 CA ,Chico,CIC
 China ,Chifeng,CIF
 AK - ,Chignik,KCQ
 AK - Fisheries ,Chignik,KCG
 AK - Lagoon ,Chignik,KCL
 Mexico ,Chihuahua,CUU
 Chile ,Chillan,YAI
 Zambia ,Chipata,CIP
 AK ,Chisana,CZN
 QC ,Chisasibi,YKU
 MN ,Chisholm/Hibbing,HIB
 Republic of Moldova ,Chisinau,KIV
 Russia ,Chita,HTA
 Pakistan ,Chitral,CJL
 Panama ,Chitre,CTD
 Bangladesh ,Chittagong,CGP
 Solomon Islands ,Choiseul Bay,CHY
 China ,Chongqing,CKG
 New Zealand ,Christchurch,CHC
 Christmas Island ,Christmas Island,XCH
 AK ,Chuathbaluk,CHU
 NL ,Churchill Falls,ZUM
 MB ,Churchill,YYQ
 MB - Rail service ,Churchill,XAD
 Fiji ,Cicia,ICI
 Cuba ,Ciego De Avila,AVI
 OH ,Cincinnati,CVG
 AK ,Circle Hot Springs,CHP
 AK ,Circle,IRC
 Venezuela ,Ciudad Bolivar,CBL
 Mexico ,Ciudad Del Carmen,CME
 Paraguay ,Ciudad del Este,AGT
 Mexico ,Ciudad Juarez,CJS
 Mexico ,Ciudad Obregon,CEN
 Mexico ,Ciudad Victoria,CVM
 AK ,Clarks Point,CLP
 WV ,Clarksburg,CKB
 FL ,Clearwater/St Petersburg,PIE
 France ,Clermont-ferrand,CFE
 Australia ,Cleve,CVC
 OH ,Cleveland,CLE
 Australia ,Cloncurry,CNJ
 NM ,Clovis,CVN
 Malawi ,Club Makokola,CMK
 Romania ,Cluj,CLJ
 NU ,Clyde River,YCY
 Australia ,Cobar,CAZ
 Bolivia ,Cobija,CIJ
 ON - Rail service ,Cobourg,XGJ
 Bolivia ,Cochabamba,CBB
 India ,Cochin,COK
 Australia ,Coconut Island,CNC
 Cocos ,Cocos Islands,Keeling
 WY ,Cody/Yellowstone,COD
 Australia ,Coen,CUQ
 AK ,Coffee Point,CFA
 AK ,Coffman Cove,KCC
 Australia ,Coffs Harbor,CFS
 India ,Coimbatore,CJB
 AK ,Cold Bay,CDB
 Mexico ,Colima,CLQ
 TX ,College Station,CLL
 Germany - Cologne/Bonn ,Cologne,CGN
 Germany - Rail service ,Cologne,QKL
 Sri Lanka ,Colombo,CMB
 Panama ,Colon,ONX
 CO ,Colorado Springs,COS
 MO ,Columbia,COU
 SC ,Columbia,CAE
 GA ,Columbus,CSG
 MS ,Columbus,GTR
 OH ,Columbus,CMH
 NT ,Colville Lake,YCK
 BC ,Comox,YQQ
 Guinea ,Conakry,CKY
 Chile ,Concepcion,CCP
 CA ,Concord,CCR
 Argentina ,Concordia,COC
 KS ,Concordia,CNK
 Colombia ,Condoto,COG
 Romania ,Constanta,CND
 Algeria ,Constantine,CZL
 Panama ,Contadora,OTD
 Australia ,Coober Pedy,CPD
 Australia ,Cooktown,CTN
 Australia ,Cooma,OOM
 Australia ,Coonamble,CNB
 Denmark ,Copenhagen,CPH
 Chile ,Copiapo,CPO
 CO - Van service ,Copper Mountain,QCE
 NU ,Coral Harbour,YZS
 Argentina ,Cordoba,COR
 AK ,Cordova,CDV
 Ireland ,Cork,ORK
 ON ,Cornwall,YCC
 Venezuela ,Coro,CZE
 Belize ,Corozal,CZH
 TX ,Corpus Christi,CRP
 Argentina ,Corrientes,CNQ
 CO ,Cortez,CEZ
 Brazil ,Corumba,CMG
 Portugal ,Corvo Island,CVU
 Philippines ,Cotabato,CBO
 Benin ,Cotarou,COC
 QC - Rail service ,Coteau,XGK
 BC ,Courtenay,YCA
 Bangladesh ,Cox's Bazar,CXB
 Mexico ,Cozumel,CZM
 Vanuatu ,Craig Cove,CCV
 AK ,Craig,CGA
 BC ,Cranbrook,YXC
 CA ,Crescent City,CEC
 Brazil ,Criciuma,CCM
 Australia ,Croker Island,CKI
 AK ,Crooked Creek,CKO
 Bahamas ,Crooked Island,CRI
 MB ,Cross Lake,YCR
 Italy ,Crotone,CRV
 Brazil ,Cruzeiro Do Sul,CZS
 AK ,Cube Cove,CUW
 Colombia ,Cucata,CUC
 Ecuador ,Cuenca,CUE
 Mexico ,Cuernavaca,CVJ
 Brazil ,Cuiaba,CGB
 Mexico ,Culiacan,CUL
 Venezuela ,Cumana,CUM
 MD ,Cumberland,CBE
 Australia ,Cunnamulla,CMA
 Netherlands Antilles ,Curacao,CUR
 Brazil ,Curitiba,CWB
 Peru ,Cuzco,CUZ
 Viet Nam ,Da Nang,DAD
 Indonesia ,Dabra,DRH
 South Korea ,Daegu,TAE
 Senegal ,Dakar,DKR
 Morocco ,Dakhla,VIL
 Turkey ,Dalaman,DLM
 Viet Nam - Lienkhang DLI),Dalat,
 China ,Dali City,DLU
 China ,Dalian,DLC
 TX - Dallas/Ft Worth Intl. ,Dallas,DFW
 TX - Love Field ,Dallas,DAL
 Syrian Arab Republic ,Damascus,DAM
 Saudi Arabia ,Dammam,DMM
 Belize ,Dangriga,DGA
 Tanzania ,Dar Es Salaam,DAR
 Australia,Darnley Island,NLF
 Papua New Guinea ,Daru,DAU
 Australia ,Darwin,DRW
 Indonesia ,Datadawai,DTD
 MB ,Dauphin,YDN
 Philipines - Mati ,Davao,DVO
 Panama ,David,DAV
 NL ,Davis Inlet,YDI
 Myanmar ,Dawe,TVY
 YT ,Dawson City,YDA
 BC ,Dawson Creek,YDQ
 China ,Daxian,DAX
 China ,Dayang,DYG
 Australia ,Daydream Is,DDI
 OH ,Dayton,DAY
 FL ,Daytona Beach,DAB
 France ,Deauville,DOL
 Ethiopia ,Debra Marcos,DBM
 Ethiopia ,Debra Tabor,DBT
 IL ,Decatur,DEC
 NL ,Deer Lake,YDF
 ON ,Deer Lake,YVZ
 AK ,Deering,DRG
 Syria - Al Jafrah ,Deirezzor,DEZ
 TX ,Del Reo,DRT
 India ,Delhi,DEL
 NT ,Deline,YWJ
 AK ,Delta Junction,DJN
 Ethiopia ,Dembidollo,DEM
 Australia ,Denham,DNM
 Turkey ,Denizli,DNZ
 Indonesia ,Denpasar Bali,DPS
 CO - International ,Denver,DEN
 CO - Longmont Bus service ,Denver,QWM
 Pakistan ,Dera Ghazi,DEA
 Pakistan ,Dera Ismail Khan,DSK
 Australia ,Derby,DRB
 Papua New Guinea ,Derim,DER
 IA ,Des Moines,DSM
 Ethiopia ,Dessie,DSE
 MI - All airports ,Detroit,DTT
 MI - Metro/Wayne County ,Detroit,DTW
 ND ,Devil's Lake,DVL
 Australia ,Devonport,DPO
 Bangledesh - Zia International ,Dhaka,DAC
 India ,Dibrugarn,DIB
 ND ,Dickinson,DIK
 Viet Nam - Gialam ,Dien Bien Phu,DIN
 France ,Dijon,DIJ
 Indonesia ,Dili,DIL
 AK ,Dillingham,DLG
 Vanuata ,Dillons Bay,DLY
 India ,Dimapur,DMU
 France ,Dinard,DNR
 Philippines ,Dipolog,DPL
 Ethiopia ,Dire Dawa,DIR
 India ,Div,DIU
 Turkey ,Diyarbakir,DIY
 Algeria ,Djanet,DJG
 Tunisia ,Djerba,DJE
 Djibouti ,Djibouti,JIB
 Ukraine ,Dnepropetrovsk,DNK
 Indonesia ,Dobo,DOB
 KS ,Dodge City,DDC
 Papua New Guinea ,Dodoima,DDM
 Tanzania ,Dodoma,DOD
 Qatar ,Doha,DOH
 Dominica - Cane Field ,Dominica,DCF
 Dominica - Melville Hall ,Dominica,DOM
 Ireland ,Donegal,CFN
 Ukraine ,Donetsk,DOK
 Sudan ,Dongola,DOG
 Australia ,Doomadgee,DMD
 Germany ,Dortmund,DTM
 AL ,Dothan,DHN
 Brazil ,Dourados,DOU
 Cameroon ,Dovala,DLA
 Germany ,Dresden,DRS
 QC - Rail service ,Drummondville,XDM
 ON ,Dryden,YHD
 United Arab Emirates - Bus Station ,Dubai,XNB
 United Arab Emirates - International ,Dubai,DXB
 Australia ,Dubbo,DBO
 Ireland ,Dublin,DUB
 PA ,Dubois,DUJ
 Croatia ,Dubrovnik,DBV
 IA ,Dubuque,DBQ
 MN ,Duluth,DLH
 Philippines ,Dumaguete,DGT
 Indonesia ,Dumai,DUM
 BC ,Duncan/Quam,DUQ
 United Kingdom ,Dundee,DND
 New Zealand ,Dunedin,DUD
 China ,Dunhuang,DNH
 Australia ,Dunk Island,DKI
 CO ,Durango,DRO
 Mexico ,Durango,DGO
 South Africa ,Durban,DUR
 NC ,Durham,RDU
 NC ,Durham/Raleigh,RDU
 Tajikistan ,Dushanbe,DYU
 Germany - International ,Dusseldorf,DUS
 Germany - Moenchen-Gl. ,Dusseldorf,MGL
 Germany - Rail service ,Dusseldorf,QDU
 AK ,Dutch Harbor,DUT
 Mayotte ,Dzaoudzi,DZA
 South Africa ,East London,ELS
 QC ,East Main,ZEM
 PA ,Easton,ABE
 WI ,Eau Claire,EAU
 Marshall Islands ,Ebon,EBO
 United Kingdom ,Eday,EOI
 United Kingdom ,Edinburgh,EDI
 AB - International ,Edmonton,YEG
 AB - Rail service ,Edmonton,XZL
 AK ,Edna Bay,EDA
 Turkey ,Edremit,EDO
 Australia ,Edward River,EDR
 AK ,Eek,EEK
 Iceland ,Egilsstadir,EGS
 Netherlands ,Eindhoven,EIN
 Germany ,Eisenach,EIB
 Russia ,Ekaterinburg,SVX
 AK ,Ekuk,KKU
 AK ,Ekwok,KEK
 Argentina ,El Bolsan,EHL
 CA ,El Centro,IPL
 AR ,El Dorado,ELD
 Sudan ,El Fasher,ELF
 Argentina ,El Maiten,EMX
 Sudan ,El Obeid,EBD
 Algeria ,El Oved,ELU
 TX ,El Paso,ELP
 Dominician Republic - El Portillo,El Portillo/Samana,EPS
 Panama ,El Real,ELE
 Chile ,El Salvador,ESR
 Venezuela ,El Vigia,VIG
 Colombia ,El Yopal,EYP
 Italy ,Elat,ETH
 Turkey ,Elazig,EZS
 Italy ,Elba Island,EBA
 Australia ,Elcho Island,ELC
 Kenya ,Eldoret,EDL
 Bahamas ,Eleuthera Island,ELH
 AK ,Elfin Cove,ELV
 AK ,Elim,ELI
 Russia ,Elista,ESL
 NV ,Elko,EKO
 NY ,Elmira,ELM
 MN ,Ely,LYU
 Vanuata ,Emae,EAE
 Papua New Guinea ,Embessa,EMS
 Australia ,Emerald,EMD
 AK ,Emmonak,EMK
 Papua New Guinea ,Emo,EMO
 Indonesia ,Enarotali,EWI
 Indonesia ,Ende,ENE
 NY ,Endicott,BGM
 Marshall Islands ,Enewetak Island,ENT
 OK ,Enid,WDG
 Finland ,Enontekio,ENF
 China ,Enshi,ENH
 Uganda ,Entebbe,EBB
 Nigeria ,Enugu,ENU
 France ,Epinal,EPL
 Cyprus ,Ercan,ECN
 Germany ,Erfurt,ERF
 PA ,Erie,ERI
 Turkey ,Erzincan,ERC
 Turkey ,Erzurum,ERZ
 Denmark - Esbjerg Airport ,Esbjerg,EBJ
 Denmark - Rail service ,Esbjerg,ZBB
 MI ,Escanaba,ESC
 Ecuador ,Esmeraldas,ESM
 Australia ,Esperance,EPR
 Vanuatu ,Espiritu Santo,SON
 Argentina ,Esquel,EQS
 BC ,Esquimalt,YPF
 OR ,Eugene,EUG
 NV ,Eureka,EUE
 CA ,Eureka/Arcata,ACV
 IN ,Evansville,EVV
 United Kingdom ,Eveter,EXT
 Indonesia ,Ewer,EWE
 Australia ,Exmouth Gulf,EXM
 Norway ,Fagernes,VDB
 United Kingdom ,Fair Isle,FIE
 AK ,Fairbanks,FAI
 Pakistan ,Faisalabad,LYP
 Puerto Rico ,Fajard,FAJ
 Indonesia ,Fak Fak,FKQ
 French Polynesia ,Fakarava,FAV
 Madagascar ,Farafangana,RVA
 ND ,Fargo,FAR
 NM ,Farmington,FMN
 Portugal ,Faro,FAO
 Faroe Islands ,Faroe Islands,FAE
 AR - Municipal/Drake ,Fayetteville,FYV
 AR - Northwest Arkansas Regional ,Fayetteville,XNA
 NC ,Fayetteville,FAY
 Solomon Islands ,Fera Island,FRE
 Uzbekistan ,Fergana,FEG
 Brazil ,Fernando De Noronha,FEN
 Morocco ,Fez,FEZ
 Madagascar ,Fianarantsoa,WFI
 France ,Figari,FSC
 United Kingdom ,Filton,FZO
 Germany ,Finkenwerder,XFW
 Australia ,Fitzroy Crossing,FIZ
 AZ ,Flagstaff,FLG
 Germany ,Flensburg,FLF
 MB ,Flin Flon,YFO
 MI ,Flint,FNT
 Italy - Gal Galilei ,Florence,PSA
 Italy - Peretola ,Florence,FLR
 SC ,Florence,FLO
 AL ,Florence/Muscle Shoals/Sheffield,MSL
 Colombia ,Florencia,FLA
 Portugal ,Flores Island,FLW
 Guatemala ,Flores,FRS
 Brazil ,Florianopolis,FLN
 Norway ,Floro,FRO
 Italy ,Foggia,FOG
 SK ,Fond du Lac,ZFD
 Norway ,Forde,FDE
 Argentina ,Formosa,FMA
 ON ,Fort Albany,YFA
 AB ,Fort Chipewyan,YPY
 CO - Bus service ,Fort Collins/Loveland,QWF
 CO - Municipal Airport ,Fort Collins/Loveland,FNL
 Madagascar ,Fort Dauphin,FTU
 Martinique ,Fort De France,FDF
 IA ,Fort Dodge,FOD
 ON ,Fort Frances,YAG
 NT ,Fort Good Hope,YGH
 ON ,Fort Hope,YFH
 FL ,Fort Lauderdale,FLL
 MO ,Fort Leonard Wood,TBN
 AB ,Fort Mcmurray,YMM
 FL ,Fort Myers,RSW
 BC ,Fort Nelson,YYE
 ON ,Fort Severn,YER
 NT ,Fort Simpson,YFS
 AR ,Fort Smith,FSM
 NT ,Fort Smith,YSM
 BC ,Fort St John,YXJ
 FL ,Fort Walton Beach,VPS
 IN ,Fort Wayne,FWA
 TX ,Fort Worth/Dallas,DFW
 Brazil ,Fortaleza,FOR
 NL ,Fox Harbour/St Lewis,YFX
 Brazil ,Franca,FRC
 Gabon ,Franceville,MVB
 Botswana ,Francistown,FRW
 Germany - Hahn ,Frankfurt,HHN
 Germany - International ,Frankfurt,FRA
 PA ,Franklin,FKL
 Denmark ,Fredericia,ZBJ
 NB - Rail service ,Fredericton Junction,XFC
 NB ,Fredericton,YFC
 Bahamas ,Freeport,FPO
 Sierra Leone - Lungi Intl ,Freetown,FNA
 CA ,Fresno,FAT
 Germany ,Friedrichshafer,FDH
 Spain ,Fuerteventura,FUE
 Japan ,Fukue,FUJ
 Japan ,Fukuoka,FUK
 Japan ,Fukushima,FKS
 Tuvalu ,Funafuti Atol,FUN
 Portugal ,Funchal,FNC
 Vanuatu ,Futuna Island,FTA
 Wallis and Futuna Islands ,Futuna Island,FUT
 China ,Fuyang,FUG
 China ,Fuzhou,FOC
 Botswana ,Gaborone,GBE
 Tunisia ,Gafsa,GAF
 Cote D'Ivoire ,Gagnoa,GGN
 FL ,Gainesville,GNV
 Ecuador ,Galapagos,GPS
 Sweden ,Gallivare,GEV
 NM ,Gallup,GUP
 Ireland ,Galway,GWY
 Gabon ,Gamba,GAX
 Ethiopia ,Gambela,GMB
 Maldives ,Gan Island,GAN
 NL ,Gander,YQX
 South Korea ,Gangneung,KAG
 Panama ,Garachine,GHE
 Papua New Guinea ,Garaina,GAR
 Papua New Guinea ,Garasa,GRL
 KS ,Garden City,GCK
 Australia ,Garden Point,GPN
 Cameroon ,Garoua,GOV
 IN ,Gary,GYY
 QC ,Gaspe,YGP
 QC - Rail service ,Gaspe,XDD
 Saudi Arabia ,Gassim,ELQ
 Vanuatu ,Gaua,ZGU
 India ,Gawahati,GAU
 Occupied Palestinian Territory ,Gaza City,GZA
 Turkey ,Gaziatep,GZT
 Poland ,Gdansk,GDN
 Indonesia ,Gebe,GEB
 Russia ,Gelendzik,GDZ
 Sudan ,Geneina,EGN
 Philippines ,General Santos,GES
 Switzerland ,Geneva,GVA
 Italy ,Genoa,GOA
 Bahamas ,George Town,GGT
 South Africa ,George,GRJ
 Guyana ,Georgetown,GEO
 ON - Rail service ,Georgetown,XHM
 Australia,Geraldton,GET
 Spain ,Gerona,GRO
 QC ,Gethsemani,ZGS
 Libya ,Ghadames,LTD
 Algeria ,Ghardala,GHA
 Libya ,Ghat,GHT
 Gibraltar ,Gibraltar,GIB
 Pakistan ,Gilgit,GIL
 MB ,Gillam,YGX
 WY ,Gillette,GCC
 BC ,Gillies Bay,YGB
 New Zealand ,Gisborne,GIS
 Saudi Arabia ,Gizan,GIZ
 Solomon Islands ,Gizo,GZO
 NU ,Gjoa Haven,YHK
 TX ,Gladewater/Kilgore,GGG
 Australia ,Gladstone,GLT
 MT ,Glasgow,GGW
 United Kingdom - Glasgow International ,Glasgow,GLA
 United Kingdom - Prestwick ,Glasgow,PIK
 Australia ,Glen Innes,GLI
 ON - Rail service ,Glencoe,XZC
 MT ,Glendive,GDV
 India ,Goa,GOI
 Ethiopia ,Goba,GOB
 Argentina ,Gobernador Gregores,GGS
 Ethopia ,Gode/Iddidole,GDE
 MB ,Gods Narrows,YGO
 MB ,Gods River,ZGI
 Brazil ,Goiania,GYN
 Australia,Gold Coast,OOL
 Costa Rica ,Golfito,GLF
 China ,Golmud,GOQ
 AK ,Golovin,GLV
 Papua New Guinea ,Gonalia,GOE
 Ethiopia ,Gondari,GDQ
 AK ,Goodnews Bay,GNU
 NL ,Goose Bay,YYR
 Ethiopia ,Gore,GOR
 Papua New Guinea ,Goroka,GKA
 Indonesia ,Gorontalo,GTO
 Sweden - Landvetter ,Gothenburg,GOT
 Sweden - Saeve ,Gothenburg,GSE
 Australia ,Goulburn Island,GBL
 Mali ,Goundam,GUD
 Australia ,Gove,GOV
 Brazil ,Governador Valadares,GVR
 Bahamas ,Governors Harbour,GHB
 Argentina ,Goya,OYA
 Malta ,Gozo,GZM
 Portugal ,Graciosa Island,GRW
 Australia ,Grafton,GFN
 Spain ,Granada,GRX
 AZ - Heliport ,Grand Canyon,JGC
 AZ - National Park ,Grand Canyon,GCN
 Cayman Islands ,Grand Cayman,GCM
 ND ,Grand Forks,GFK
 NE ,Grand Island,GRI
 CO ,Grand Junction,GJT
 MI ,Grand Rapids,GRR
 MN ,Grand Rapids,GPZ
 Turks and Caicos Islands ,Grand Turk Island,GDT
 AB ,Grande Prairie,YQU
 AK ,Grayling,KGX
 Austria ,Graz,GRZ
 MT ,Great Falls,GTF
 WI ,Green Bay,GRB
 NC ,Greensboro,GSO
 MS ,Greenville,GLH
 NC ,Greenville,PGV
 SC ,Greenville/Spartanburg,GSP
 Grenada,Grenada,GND
 France ,Grenoble,GNB
 Australia ,Griffith,GFF
 ON ,Grimsby,XGY
 Iceland ,Grimsey,GRY
 NU ,Grise Fiord,YGZ
 Greenland ,Groennedal,JGR
 Netherlands ,Groningen,GRQ
 Australia ,Groofe Eylandt,GTE
 CT ,Groton/New London,GON
 Mexico ,Guadalajara,GDL
,Guam ,GUM
 Honduras ,Guanaja,GJA
 Mexico ,Guanajuato,BJX
 China ,Guangzhou,CAN
 Cuba ,Guantanamo,GAO
 Guatemala ,Guatemala City,GUA
 Ecuador ,Guayaquil,GYE
 Bolivia ,Guayaramerin,GYA
 Mexico ,Guaymas,GYM
 ON - Rail service ,Guelph,XIA
 United Kingdom ,Guernsey,GCI
 Mexico ,Guerrero Negro,GUB
 China ,Guilin,KWL
 Venezuela ,Guiria,GUI
 MS ,Gulfport,GPT
 Uganda ,Gulu,ULU
 China ,Gulyang,KWE
 CO ,Gunnison,GUC
 South Korea ,Gunsan,KUV
 Saudi Arabia ,Gurayat,URY
 AK ,Gustavus,GST
 Pakistan ,Gwadar,GWD
 India ,Gwalior,GWL
 South Korea ,Gwangju,KWJ
 Azerbaijan ,Gyandzha,KVD
 Armenia ,Gyourmri,LWN
 Tonga ,HaApa,HPA
 Japan ,Hachijo Jima,HAC
 MD ,Hagerstown,HGR
 Sweden ,Hagfors,HFS
 Israel ,Haifa,HFA
 China ,Haikou,HAK
 Saudi Arabia ,Hail,HAS
 China ,Hailar,HLD
 ID ,Hailey,SUN
 AK ,Haines,HNS
 Viet Nam - Catbi ,Haiphong,HPH
 Japan ,Hakodate,HKD
 Germany ,Halberstadt,ZHQ
 NS - International ,Halifax,YHZ
 NS - Rail service ,Halifax,XDG
 NU ,Hall Beach,YUX
 Australia ,Halls Creek,HCQ
 Sweden ,Halmstad,HAD
 Germany - Fuhisbuettel ,Hamburg,HAM
 Germany - Luebeck ,Hamburg,LBC
 Australia ,Hamilton Island,HTI
 Bermuda ,Hamilton,BDA
 New Zealand ,Hamilton,HLZ
 ON ,Hamilton,YHM
 Norway ,Hammerfest,HFT
 VA ,Hampton,PHF
 HI - Island of Maui ,Hana,HNM
 HI ,Hanapepe,PAK
 MI ,Hancock,CMX
 China ,Hangzhou,HGH
 Maldives ,Hanimaadhoo,HAQ
 Viet Nam - Noibai ,Hanoi,HAN
 Germany ,Hanover,HAJ
 NH ,Hanover,LEB
 China ,Hanzhang,HZG
 Zimbabwe ,Harare,HRE
 China ,Harbin,HRB
 Somolia ,Hargeisa,HGA
 TX ,Harlingen,HRL
 PA ,Harrisburg,MDT
 AR ,Harrison,HRO
 Norway ,Harstad-Narvik,EVE
 CT ,Hartford,BDL
 Algeria ,Hassi Messaoud,HME
 Norway ,Hasvik,HAA
 Thailand ,Hat Yai,HDY
 Japan ,Hateruma,HTR
 Norway ,Haugesund,HAU
 Cuba ,Havana,HAV
 AZ ,Havasupai,HAE
 QC ,Havre St Pierre,YGV
 MT ,Havre,HVR
 NT ,Hay River,YHY
 CO ,Hayden,HDN
 Australia ,Hayman Island,HIS
 KS ,Hays,HYS
 AK ,Healy Lake,HKB
 China ,Hefei,HFE
 Germany ,Heidelberg,HDB
 MT ,Helena,HLN
 Germany ,Helgoland,HGL
 Finland ,Helsinki,HEL
 NC ,Hendersonville,AVL
 Myanmar ,Heno,HEH
 Greece ,Heraklian,HER
 Germany ,Heringsdorf,HDF
 Sweden ,Hermavan,HMV
 Mexico ,Hermosillo,HMO
 Denmark ,Herning,XAK
 Australia ,Hervey Bay,HVB
 QC - Rail service ,Hervey,XDU
 MN ,Hibbing/Chisholm,HIB
 NC ,Hickory,HKY
 AB ,High Level,YOJ
 NC ,High Point,GSO
 HI - Island of Hawaii ,Hilo,ITO
 SC ,Hilton Head,HHH
 Japan - Hiroshima West ,Hiroshima,HIW
 Japan - International ,Hiroshima,HIJ
 Papua New Guinea ,Hivaro,HIT
 Viet Nam ,Ho Chi Minh City,SGN
 Australia ,Hobart,HBA
 NM ,Hobbs,HBB
 Yemen ,Hodeidah,HOD
 South Africa ,Hoedspruit,HDS
 Germany ,Hof,HOQ
 Saudi Arabia ,Hofuf,HOF
 China ,Hohhot,HET
 New Zealand ,Hokitika,HKK
 Cuba ,Holguin,HOG
 AK ,Hollis,HYL
 NT ,Holman,YHI
 AK ,Holy Cross,HCR
 AK ,Homer,HOM
 Hong Kong ,Hong Kong,HKG
 Solomon Islands ,Honiara,HIR
 Norway ,Honningsvag,HVG
 HI - Island of Oahu ,Honolulu,HNL
 Australia ,Hooker,HOK
 HI - Island of Molokai ,Hoolehua,MKK
 AK ,Hoonah,HNH
 AK ,Hooper Bay,HPB
 NL ,Hopedale,YHO
,Horn Island Australia ,HID
 Iceland ,Hornafjordur,HFN
 Portugal ,Horta,HOR
 Papua New Guinea ,Hoskins,HKN
 AR ,Hot Springs,HOT
 China ,Hotan,HTN
 Laos ,Houeisay,HOE
 Libya ,Houn,HUQ
 BC - Bus station ,Houston,ZHO
 TX - All airports ,Houston,HOU
 TX - Hobby ,Houston,HOU
 TX - Intercontinental ,Houston,IAH
 French Polynesia ,Huahine,HUH
 Taiwan - Phi Bai ,Hualien,HUN
 Thailand ,Hualtin,HHQ
 French Polynesia ,Huanuco,HUU
 China ,Huargyan,HYN
 Mexico ,Huatulco,HUX
 Sweden ,Hudiksvall,HUV
 SK ,Hudson Bay,YHB
 Viet Nam ,Hue,HUI
 Australia ,Hughenden,HGD
 AK ,Hughes,HUS
 Sweden ,Hultsfred,HLF
 United Kingdom ,Humberside,HUY
 WV/Ashland,Huntington,HTS
 AL ,Huntsville,HSV
 Egypt ,Hurghada,HRG
 SD ,Huron,HON
 AK ,Huslia,HSL
 Zimbabwe ,Hwange Nat Park,HWN
 MA ,Hyannis,HYA
 AK ,Hydaburg,HYG
 India ,Hyderabad,HYD
 Romania ,Iasi,IAS
 Colombia ,Ibague,IBE
 Spain ,Ibiza,IBZ
 ID ,Idaho Falls,IDA
 Russia ,Igarka,IAA
 AK ,Igiugig,IGG
 NU ,Igloolik,YGT
 Brazil ,Iguassu Falls,IGU
 Argentina ,Iguazu,IGR
 Papua New Guinea ,Ihu,IHU
 New Caledonia ,Ile Des Pins,ILP
 QC ,Iles De La Madeleine,YGR
 MB ,Ilford,ILF
 Brazil ,Ilheus,IOS
 AK ,Iliamna,ILI
 Indonesia ,Illaga,ILA
 Philippines - Mandurriao ,Iloilo,ILO
 Indonesia ,Ilu,IUL
 Greenland ,Ilulissat,JAV
 Brazil ,Imperatriz,IMP
 CA ,Imperial,IPL
 India ,Imphal,IMF
 Algeria ,In Amenas,IAM
 Bahamas ,Inagua,IGA
 Indonesia ,Inanwatan,INX
 Papua New Guinea ,Indagen,IDN
 IN ,Indianapolis,IND
 India ,Indore,IDR
 ON - Rail service ,Ingersoll,XIB
 Austria ,Innsbruck,INN
 Russia ,Inta,INA
 MN ,International Falls,INL
 QC ,Inukjuak,YPH
 NT ,Inuvik,YEV
 New Zealand ,Invercargill,IVC
 Australia ,Inverell,IVR
 United Kingdom ,Inverness,INV
 CA ,Inyokern,IYK
 Greece ,Ioannina,IOA
 Papua New Guinea ,Ioma,IOP
 Brazil ,Ipatinga,IPN
 Colombia ,Ipiales,IPI
 Philippines ,Ipil,IPE
 Malaysia ,Ipoh,IPH
 Vanuatu ,Ipota,IPA
 NU ,Iqaluit,YFB
 Chile ,Iquique,IQQ
 Peru ,Iquitos,IQT
 Russia ,Irkutsk,IKT
 MI ,Iron Mountain,IMT
 MI ,Ironwood,IWD
 Iceland ,Isafjordur,IFJ
 Iran ,Isfahan,IFN
 Japan ,Ishigakij,ISG
 Pakistan ,Islamabad,ISB
,Island Lake/Garden Hill ,YIV
 Canada ,Island Lake/Garden Hill,YIV
 United Kingdom ,Islay,ILY
 United Kingdom ,Isle of Man,IOM
 United Kingdom - St Marys ,Isles of Scilly,ISC
 United Kingdom - Tresco ,Isles of Scilly,TSO
 NY ,Islip,ISP
 Turkey ,Istanbul,IST
 Brazil ,Itaituba,ITB
 NY ,Ithaca,ITH
 Papua New Guinea ,Itokama,ITK
 Finland ,Ivalo,IVL
 Ukraine ,Ivano-Frankovsk,IFO
 QC ,Ivujivik,YIK
 Japan ,Iwami,IWJ
 Mexico ,Ixtapa,ZIH
 Mexico ,Ixtepec,IZT
 Turkey ,Izmir,ADB
 Japan ,Izumo,IZO
 Marshall Islands ,Jabor,JAT
 Brazil ,Jacareacanga,JCR
 WY ,Jackson Hole,JAC
 MS ,Jackson,JAN
 TN ,Jackson,MKL
 FL ,Jacksonville,JAX
 NC ,Jacksonville,OAJ
 Pakistan ,Jacobabad,JAG
 Papua New Guinea ,Jacquinot Bay,JAQ
 India ,Jaipur,JAI
 Indonesia ,Jakarta,CGK
 Mexico ,Jalapa,JAL
 Marshall Islands ,Jaluit Island,UIT
,Jambi. Indonesia ,DJB
 ND ,Jamestown,JMS
 NY ,Jamestown,JHW
 India ,Jamnagar,JGA
 Nepal ,Janakpur,JKR
 WI ,Janesville,JVL
 Panama ,Jaque,JQE
 AB - Rail service ,Jasper,XDH
 Indonesia ,Jayapura,DJJ
 Saudi Arabia ,Jeddah,JED
 Marshall Islands ,Jeh,JEJ
 South Korea - Jeju Airport,Jeju,CJU
 Spain ,Jerez De La Frontere,XRY
 United Kingdom ,Jersey,JER
 Bangladesh ,Jessore,JSR
 China ,Jiamusi,JMU
 China ,Jiayuguan,JGN
 Algeria ,Jijel,GJL
 Ethiopia ,Jijiga,JIJ
 Ethiopia ,Jimma,JIM
 China ,Jinan,TNA
 China ,Jingdezhen,JDZ
 China ,Jinghong,JHG
 Uganda ,Jinja,JIN
 China ,Jinjiang,JJN
 South Korea - Sancheon ,Jinju,HIN
 Ethiopia ,Jinka,BCO
 China ,Jinzhou,JNZ
 Brazil ,Ji-Parana,JPR
 Pakistan ,Jiwani,JIW
 Brazil ,Joao Pessoa,JPA
 India ,Jodhpur,JDH
 Finland ,Joensuu,JOE
 South Africa ,Johannesburg,JNB
 NY ,Johnson City,BGM
 TN ,Johnson City,TRI
 US Minor Outlying Islands ,Johnston Island,JON
 PA ,Johnstown,JST
 Malaysia ,Johor,JHB
 Brazil ,Joinville,JOI
 QC - Rail service ,Joliette,XJL
 India ,Jommu,IXJ
 Nepal ,Jomsom,JMO
 AR ,Jonesboro,JBR
 Sweden ,Jonkoping,JKG
 QC - Rail service ,Jonquiere,XJQ
 MO ,Joplin,JLN
 India ,Jorhat,JRH
 Argentina ,Jose De San Martin,JSM
 Saudi Arabia ,Jouf,AJF
 Brazil ,Juazeiro Do Norte,JDO
 Germany ,Juist,JUI
 Brazil ,Juiz De Fora,JDF
 Argentina ,Jujuy,JUJ
 Australia ,Julia Creek,JCK
 Peru ,Juliaca,JUL
 AK ,Juneau,JNU
 China ,Juzha,JUZ
 Finland ,Jyvaskyla,JYV
 Maldives ,Kaadedhdhoo,KDM
 Marshall Islands ,Kaben,KBT
 Ethiopia ,Kabri Dar,ABK
 Afghanistan ,Kabul,KBL
 Papua New Guinea ,Kabwun,KBM
 Pakistan ,Kadanwari,KCF
 Maldives ,Kadhonoo,KDO
 Turkey ,Kahramanmaras,KCM
 HI - Island of Maui,Kahului,OGG
 Papua New Guinea ,Kaintiba,KZF
 New Zealand ,Kaitaia,KAT
 Finland ,Kajaani,KAJ
 AK ,Kake,KAE
 AK ,Kakhonak,KNK
 MI ,Kalamazoo,AZO
 HI - Island of Molokai,Kalaupapa,LUP
 Australia ,Kalbarri,KAX
 Russia ,Kaliningrad,KGD
 AK ,Kalskag,KLG
 AK ,Kaltag,KAL
 Indonesia ,Kambuaya,KBX
 Syrian Arab Republic ,Kameshli,KAC
 BC ,Kamloops,YKA
 HI - Island of Hawaii,Kamuela,MUE
 Indonesia ,Kamur,KCD
 Papua New Guinea ,Kamusi,KUY
 QC ,Kangiqsualujjuaq,XGR
 QC ,Kangiqsujuaq,YWB
 QC ,Kangirsuk,YKG
 Nigeria ,Kano,KAN
 MO ,Kansas City,MCI
 HI - Island of Maui,Kapalua,JHM
 ON ,Kapuskasing,YYU
 Pakistan - Quaid-E-Azam International ,Karachi,KHI
 Estonia ,Kardia,KDL
 Zimbabwe ,Kariba,KAB
 Germany ,Karlsruhe/Badern Baden,FKB
 Greece ,Karpathos,AOK
 Indonesia ,Karubaga,KBF
 AK ,Kasaan,KXA
 Zambia ,Kasaba Bay,ZKB
 ON ,Kasabonika,XKS
 Zambia ,Kasama,KAA
 Botswana ,Kasane,BBK
 ON ,Kaschechewan,ZKE
 AK ,Kasigluk,KUK
 Australia ,Katherine,KTR
 Nepal ,Kathmandu,KTM
 Poland ,Katowice,KTW
 HI ,Kauai Island/Lihue,LIH
 Lithuania ,Kaunas,KUN
 Greece ,Kavala,KVA
 Papua New Guinea ,Kavieng,KVG
 Myanmar ,Kawthaung,KAW
 Turkey ,Kayseri,ASR
 Russia ,Kazan,KZN
 NE ,Kearney,EAR
 NH ,Keene,EEN
 ON ,Keewaywin,KEW
 Greece ,Kefallinia,EFL
 QC ,Kegaska,ZKG
 BC ,Kelowna,YLW
 AK ,Kenai,ENA
 Indonesia ,Kendari,KDI
 ON ,Kenora,YQK
 Greece ,Kerkyra,CFU
 AK ,Ketchikan,KTN
 FL ,Key West,EYW
 CO - Van service ,Keystone,QKS
 India ,Khajuraho,HJR
 Egypt ,Kharga,UVL
 Ukraine ,Kharkov,HRK
 Tajikistan ,Khudzhand,LBD
 Pakistan ,Khuzdar,KDD
 AK ,Kiana,IAN
 Ukraine - Borispol ,Kiev,KBP
 Ukraine - Zhulhany ,Kiev,IEV
 Rwanda ,Kigali,KGL
 Tanzania ,Kigoma,TKQ
 TX ,Kilgore/Gladewater,GGG
 Tanzania ,Kilimanjaro,JRO
 TX ,Killeen,ILE
,Kimmirut/Lake Harbour NU ,YLC
 Canada ,Kimmirut/Lake Harbour,YLC
 AK ,King Cove,KVC
 AK ,King Salmon,AKN
 ON ,Kingfisher Lake,KIF
 AZ ,Kingman,IGM
 TN ,Kingsport,TRI
 Jamaica - Norman Manley ,Kingston,KIN
 Jamaica - Tinson ,Kingston,KTP
 ON - Norman Rogers Airport ,Kingston,YGK
 ON - Rail service ,Kingston,XEG
 Congo ,Kinshasa,FIH
 AK ,Kipnuk,KPN
 Solomon Islands ,Kirakira,IRA
 MO ,Kirksville,IRK
 Japan ,Kitadaito,KTD
 ON ,Kitchener,YKF
 Finland ,Kittila,KTT
 Papua New Guinea ,Kiunga,UNG
 AK ,Kivalina,KVL
 Kenya ,Kiwayu,KWY
 OR ,Klamath Falls,LMT
 AK ,Klawock,KLW
 BC ,Klemtu,YKT
 Ireland ,Knock,NOC
 TN ,Knoxville,TYS
 AK ,Kobuk,OBU
 Japan ,Kochi,KCZ
 AK ,Kodiak,ADQ
 Thailand ,Koh Samui,USM
 India ,Kolkata,CCU
 Poland ,Kolobrzeg,QJY
 Russia ,Komsomolsk Na Amure,KXK
 HI - Island of Hawaii ,Kona,KOA
 AK ,Kongiganak,KKH
 Turkey ,Konya,KYA
 Palau ,Koror,ROR
 Poland ,Koszalin,OSZ
 Malaysia ,Kota Bharu,KBR
 Malaysia ,Kota Kinabalu,BKI
 AK ,Kotlik,KOT
 AK ,Kotzebue,OTZ
 Australia,Kowanyama,KWM
 AK ,Koyukuk,KYU
 India ,Kozhikode,CCJ
 Thailand ,Krabi,KBV
 Poland ,Krakow,KRK
 Ukraine ,Krivoy Rog,KWG
 Malaysia ,Kuala Lumpur,KUL
 Malaysia ,Kuala Terengganu,TGG
 Malaysia ,Kuantan,KUA
 Australia,Kubin Island,KUG
 Malaysia ,Kuching,KCH
 Malaysia ,Kudat,KUD
 Libya ,Kufrah,AKF
 NU ,Kugaaruk,YBB
 NU ,Kugluktuk/Coppermine,YCO
 Greenland ,Kulusuk,KUS
 Japan ,Kumejima,UEO
 Papau New Guinea ,Kundiawa,CMU
 Finland ,Kuopio,KUO
 Papua New Guinea ,Kuri,KUQ
 Japan ,Kushiro,KUH
 Georgia ,Kutaisi,KUT
 QC ,Kuujjuaq,YVP
 QC ,Kuujjuarapik,YGW
 Finland ,Kuusamo,KAO
 Kuwait ,Kuwait,KWI
 Marshall Islands ,Kwajalein,KWA
 AK ,Kwethluk,KWT
 AK ,Kwigillingok,KWK
 Russia ,Kyzyl,KYZ
 Honduras ,La Ceiba,LCE
 Spain ,La Coruna,LCG
 WI ,La Crosse,LSE
 QC ,La Grande,YGL
 Panama ,La Palma,PLP
 Bolivia ,La Paz,LPB
 Mexico ,La Paz,LAP
 Argentina ,La Rioja,IRJ
 Dominican Republic ,La Romana,LRM
 SK ,La Ronge,YVC
 Chile ,La Serena,LSC
 QC ,La Tabatiere,ZLT
 QC ,La Tuque,YLQ
 Morocco ,Laayoune,EUN
 Fiji ,Labasa,LBS
 Papua New Guinea ,Lablab,LAB
 Indonesia ,Labuan Bajo,LBJ
 Malaysia ,Labuan,LBU
 MB ,Lac Brochet,XLB
 QC - Rail service ,Lac Edouard,XEE
 BC - Rail service ,Ladysmith,XEH
 Marshall Islands ,Lae Island,LML
 Papua New Guinea ,Lae,LAE
 IN ,Lafayette,LAF
 LA ,Lafayette,LFT
 Brazil ,Lages,LAJ
 Ecuador ,Lago Agrio,LGQ
 Argentina ,Lago Argentina,ING
 Nigeria ,Lagos,LOS
 Malaysia ,Lahadbatu,LDU
 Pakistan ,Lahore,LHE
 LA ,Lake Charles,LCH
 AZ ,Lake Havasu City,HII
 AK ,Lake Minchumina,LMA
 Fiji ,Lakeba,LKB
 Norway ,Lakselv,LKL
 Ethiopia ,Lalibela,LLI
 Vanuatu ,Lamap,LPM
 Vanuatu ,Lamen Bay,LNB
 Italy ,Lamezia-Terme,SUF
 Thailand ,Lampang,LPI
 Italy ,Lampedusa,LMP
 Kenya ,Lamu,LAU
 HI - Island of Lanai ,Lanai City,LNY
 PA ,Lancaster,LNS
 United Kingdom ,Lands End,LEQ
 BC - Rail service ,Langford,XEJ
 Indonesia ,Langguri,LUV
 Malaysia ,Langkawi,LGK
 France ,Lannion,LAI
 ON ,Lansdowne House,YLH
 MI ,Lansing,LAN
 Spain ,Lanzarote,ACE
 Guinea ,Lanzhau,LHW
 China ,Lanzhou,ZGC
 Philippines ,Laoag,LAO
 Finland ,Lappeenranta,LPP
 WY ,Laramie,LAR
 Indonesia ,Larantuka,LKA
 TX ,Laredo,LRD
 Cyprus ,Larnaca,LCA
 France ,Larochelle,LRH
 Spain ,Las Palmas,LPA
 Venezuela ,Las Piedras,LSP
 NV ,Las Vegas,LAS
 Syria ,Latakia,LTK
 PA ,Latrobe,LBE
 Fiji ,Laucala Island,LUC
 Australia ,Launceston,LST
 MS ,Laurel,PIB
 Australia ,Laverton,LVO
 Malaysia ,Lawas,LWY
 OK ,Lawton,LAW
 France ,Le Havre,LEH
 France ,Le Mans,ZLN
 France ,Le Puy,LPY
 France ,Le Touquet,LTQ
 MB ,Leaf Rapids,YLR
 Australia ,Learmonth,LEA
 NH ,Lebanon,LEB
 United Kingdom ,Leeds,LBA
 Philippines ,Legaspi,LGP
 India ,Leh,IXL
 Australia ,Leinster,LER
 Germany ,Leipzig,LEJ
 Norway ,Leknes,LKN
 Greece ,Lemnos,LXS
 Mexico ,Leon,BJX
 Australia ,Leonora,LNO
 AB ,Lethbridge,YQL
 Colombia ,Leticia,LET
 AK ,Levelock,KLL
 WV ,Lewisburg,LWB
 ID ,Lewiston,LWS
 MT ,Lewistown,LWT
 KY ,Lexington,LEX
 China ,Lhasa,LXA
 China ,Lianyungang,LYG
 KS ,Liberal,LBL
 Costa Rica ,Liberia,LIR
 Gabon ,Libreville,LBV
 Mozambique ,Lichinga,VXC
 Belgium ,Liege,LGG
 New Caledonia ,Lifa,LIF
 Australia ,Lightning Ridge,LHG
 Papua New Guinea ,Lihir Island,LNV
 HI - Island of Kaui ,Lihue,LIH
 China ,Lijiang City,LJG
 Marshall Islands ,Likiep Island,LIK
 France - Lesquin ,Lille,LIL
 France - Rail service ,Lille,XDB
 Malawi ,Lilongwe,LLW
 Peru ,Lima,LIM
 Malaysia ,Limbang,LMN
 France ,Limoges,LIG
 NE ,Lincoln,LNK
 Australia,Lindeman Island,LDC
 Tanzania ,Lindi,LDI
 Sweden ,Linkoping,LPI
 China ,Linyi,LYI
 Austria ,Linz,LNZ
 Portugal ,Lisbon,LIS
 Australia ,Lismore,LSY
 AR ,Little Rock,LIT
 China ,Liuzhou,LZH
 United Kingdom ,Liverpool,LPL
 Zambia ,Livingstone,LVI
 Australia,Lizard Island,LZR
 Slovenia ,Ljubliana,LJU
 AB ,Lloydminister,YLL
 Australia ,Lockhart River,IRG
 Marshall Islands ,Loen,LOF
 Ecuador ,Loja,LOH
 Togo ,Lome,LFW
 ON - Municipal Airport ,London,YXU
 ON - Rail service ,London,XDQ
 United Kingdom - All airports ,London,LON
 United Kingdom - Biggin Hill ,London,BQH
 United Kingdom - Gatwick ,London,LGW
 United Kingdom - Heathrow ,London,LHR
 United Kingdom - London City ,London,LCY
 United Kingdom - Luton ,London,LTN
 United Kingdom - Stansted ,London,STN
 United Kingdom ,Londonderry,LDY
 United Kingdom - Rail service ,London-Paddington,QQP
 Brazil ,Londrina,LDB
 Indonesia ,Long Apung,LPU
 Malaysia ,Long Banga,LBP
 Indonesia ,Long Bawan,LBW
 CA ,Long Beach,LGB
 Australia ,Long Island,HAP
 Bahamas ,Long Island/Deadmans Cay,LGI
 Malaysia ,Long Lellang,LGL
 Malaysia ,Long Seridan,ODN
 Vanuatu ,Longana,LOD
 Australia,Longreach,LRE
 TX ,Longview,GGG
 Svalbard & Jan Mayen Island ,Longyearbyen,LYR
 Vanuatu ,Lonorore,LNE
 WA ,Lopez Island,LPS
 Australia ,Lord Howe Island,LDH
 Mexico ,Loreto,LTO
 France ,Lorient,LRT
 CA ,Los Angeles,LAX
 Mexico ,Los Cabos,SJD
 Mexico ,Los Mochis,LMM
 Papua New Guinea ,Losuia,LSA
 KY ,Louisville,SDF
 France ,Lourdes/Tarbes,LDE
 CO - Bus service ,Loveland/Fort Collins,QWF
 CO - Municipal Airport ,Loveland/Fort Collins,FNL
 Mexico ,Lozaro Cardenas,LZC
 Angola ,Luanda,LAD
 Angola ,Luanda,LAD
 Laos ,Luang Namtha,LXG
 Laos ,Luang Prabang,LPQ
 TX ,Lubbock,LBB
 India ,Lucknow,LKO
 Namibia ,Luderitz,LUD
 Switzerland ,Lugano,LUG
 Uganda ,Lugansk,VSG
 Nepal ,Lukla,LUA
 Sweden ,Lulea,LLA
 Congo ,Lumbashi,FBM
 China ,Luoyang,LYA
 Zambia ,Lusaka,LUN
 NT ,Lutselke/Snowdrift,YSG
 Indonesia ,Luwuk,LUW
 Luxembourg ,Luxembourg,LUX
 China ,Luxi,LUM
 Egypt ,Luxor,LXR
 China ,Luzhou,LZO
 Ukraine ,Lvov,LWO
 Sweden ,Lyoksele,LYC
 France - Lyon Part-Dieu Rail service ,Lyon,XYD
 France - Satolas ,Lyon,LYS
 Netherlands ,Maastricht,MST
 Australia ,Mabuiag Island,UBB
 Brazil ,Macapa,MCP
 Ecuador ,Macas,XMS
 China ,Macau,MFM
 Brazil ,Maceio,MCZ
 Ecuador ,Machala,MCH
 Australia,Mackay,MKY
 GA ,Macon,MCN
 Papua New Guinea ,Madang,MAG
 Saudi Arabia ,Madinah,MED
 WI ,Madison,MSN
 OR ,Madras,MDJ
 Spain ,Madrid,MAD
 India ,Madurai,IXM
 Thailand ,Mae Hong Son,HGN
 Thailand ,Mae Sot,MAQ
 Vanuatu ,Maewo,MWF
 Tanzania ,Mafia,MFA
 Russia ,Magadan,GDX
 Russia ,Magnitogorsk,MQF
 Madagascar ,Mahanoro,VVB
 Seychelles ,Mahe Island,SEZ
 Madagascar ,Maintirano,MXT
 Cape Verde ,Maio,MMO
 Marshall Islands ,Majkin,MJE
 Madagascar ,Majunga,MJN
 Marshall Islands ,Majuro,MAJ
 Ethiopia ,Makale,MQX
 Russia ,Makhachkala,MCX
 Gabon ,Makokou,MKU
 Taiwan ,Makung,MZG
 Equatorial Guinea ,Malabo,SSG
 Malaysia ,Malacca,MKZ
 Spain ,Malaga,AGP
 Sudan ,Malakai,MAK
 Argentina ,Malargue,LGS
 Turkey ,Malatya,MLX
 Maldives ,Male,MLE
 Kenya ,Malindi,MYD
 Sweden ,Malmo,MMX
 Marshall Islands ,Maloelap Island,MAV
 Fiji ,Malololailai,PTF
 Malta ,Malta,MLA
 Madagascar ,Mampikony,WMP
 Fiji ,Mana Island,MNF
 Indonesia ,Manado,MDC
 Nicaragua ,Managua,MGA
 Madagascar ,Manakara,WVK
 Madagascar ,Mananara,WMR
 Nepal ,Manang,NGX
 Madagascar ,Mananjary,MNJ
 Brazil ,Manaus,MAO
 NH ,Manchester,MHT
 United Kingdom ,Manchester,MAN
 Myanmar ,Mandalay,MDL
 Madagascar ,Mandritsara,WMA
 Cook Islands ,Mangaia Island,MGS
 India ,Mangalore,IXE
 Bahamas ,Mangrove Cay,MAY
 Zambia ,Mangu,MNR
 Papua New Guinea ,Manguna,MFO
 KS ,Manhattan,MHK
 French Polynesia ,Manihi,XMH
 Cook Islands ,Manihiki Island,MHX
 Philippines ,Manila,MNL
 Australia ,Maningrioa,MNG
 MI ,Manistee,MBL
 Colombia ,Manizales,MZL
 Madagascar ,Manja,MJA
 MN ,Mankato,MKT
 AK ,Manley Hot Springs,MLY
 Germany ,Mannheim,MHG
 AK ,Manokotak,KMO
 Indonesia ,Manokwari,MKW
 United Kingdom ,Manston,MSE
 Ecuador ,Manta,MEC
 Papua New Guinea ,Manus Island,MAS
 Cuba ,Manzanillo,MZO
 Mexico ,Manzanillo,ZLO
 Swaziland ,Manzini,MTS
 Chad ,Mao,AMO
 Western Samoa ,Maota Savaii Is,MXS
 Mozambique ,Maputo,MPM
 Argentina ,Mar Del Plata,MDQ
 Kenya ,Mara Lodges,MRE
 Brazil ,Maraba,MAB
 Venezuela ,Maracaibo,MAR
 Venezuela ,Maracay,MYC
 New Caledonia ,Mare,MEE
 South Africa ,Margate,MGH
 Slovenia ,Maribor,MBX
 Finland ,Mariehamn,MHQ
 OH/Parkersburg,Marietta,PKB
 Greenland ,Mariitsoq,JSU
 Brazil ,Marilia,MII
 Brazil ,Maringa,MGF
 IL ,Marion,MWA
 Ukraine ,Mariupol,MPW
 Madagascar ,Maroantsetra,WMN
 Cameroon ,Marova,MVR
 MI ,Marquette,MQT
 France ,Marseille,MRS
 Bahamas ,Marsh Harbour,MHH
 AK ,Marshall,MLL
 MA ,Martha's Vineyard,MVY
 PA ,Martinsburg,AOO
 Malaysia ,Marudi,MUR
 Australia,Maryborough,MBH
 NL ,Mary's Harbour,YMH
 Philippines ,Masbate,MBT
 Lesotho ,Maseru,MSU
 Iran ,Mashad,MHD
 IA ,Mason City,MCW
 NY ,Massena,MSS
 Mexico ,Matamoros,MAM
 Indonesia ,Mataram,AMI
 Japan ,Matsumoto,MMJ
 Japan ,Matsuyama,MYJ
 Venezuela ,Maturin,MUN
 HI ,Maui,OGG
 Cook Islands ,Mauke Island,MUK
 Myanmar ,Maulmyine,MNU
 Indonesia ,Maumere,MOF
 Botswana ,Maun,MUB
 French Polynesia ,Maupiti,MAU
 Mauritius ,Mauritius,MRU
 ON - Rail service ,Maxville,XID
 Bahamas ,Mayaguana,MYG
 Puerto Rico ,Mayaguez,MAZ
 Mexico ,Mazatlan,MZT
 Congo ,Mbandaka,MDK
 Congo ,Mbuji Mayi,MJM
 TX ,Mcallen,MFE
 Australia ,Mcarthur River,MCV
 NE ,Mccook,MCK
 AK ,Mcgrath,MCG
 Indonesia ,Medan,MES
 Colombia - Enrique Olaya Herrera ,Medellin,EOH
 Colombia - Jose Marie Cordova ,Medellin,MDE
 OR ,Medford,MFR
 AB ,Medicine Hat,YXH
 Australia ,Meekatharra,MKR
 Norway ,Mehamn,MEH
 China ,Meixian,MXZ
 Marshall Islands ,Mejit Island,MJB
 Ethiopia ,Mekane Selam,MKS
 AK ,Mekoryuk,MYU
 FL ,Melbourne,MLB
 Australia ,Melbourne,MEL
 Spain ,Melilla,MLN
 SK - Rail service ,Melville,XEK
 Japan ,Memanbetsu,MMB
 TN ,Memphis,MEM
 Ethiopia ,Mendi,NDM
 Papua New Guinea ,Mendi,MDU
 Argentina ,Mendoza,MDZ
 Spain ,Menorca,MAH
 Papua New Guinea ,Menyamya,MYX
 Indonesia ,Merauke,MKQ
 Sudan ,Merave,MWE
 CA ,Merced,MCE
 Indonesia ,Merdey,RDE
 Mexico ,Merida,MID
 Venezuela ,Merida,MRD
 MS ,Meridian,MEI
 Australia ,Merimbula,MIM
 Egypt ,Mersa Matruh,MUH
 AK ,Metlakatla,MTM
 France ,Metz/Nancy,ETZ
 Mexico ,Mexicali,MXL
 Mexico ,Mexico City,MEX
 AK ,Meyers Chuck,WMK
 Zambia ,Mfume,MFU
 FL - International ,Miami,MIA
 FL - Sea Plane Base ,Miami,MPB
 Madagascar ,Miandrivazo,ZVA
 Turks and Caicos ,Middle Caicos,MDS
 MI ,Midland,MBS
 TX ,Midland/Odessa,MAF
 US Minor Outlying Islands ,Midway Island,MDY
 Finland ,Mikkeli,MIK
 Greece ,Mikonos,JMK
 Italy - Linate ,Milan,LIN
 Italy - Malpensa ,Milan,MXP
 Italy - Orio Al Serio ,Milan,BGY
 Italy - Parma ,Milan,PMF
 Australia ,Mildura,MQL
 MT ,Miles City,MLS
 Marshall Islands ,Mili Island,MIJ
 Australia ,Milingimbi,MGT
 WI ,Milwaukee,MKE
 Japan ,Minami Daito,MMD
 Mexico ,Minatitla,MTT
 Indonesia ,Mindiptana,MDP
 Russia ,Mineralnye Vody,MRV
 MN ,Minneapolis,MSP
 ND ,Minot,MOT
 Belarus - Minsk International 1 ,Minsk,MHP
 Belarus - Minsk International 2 ,Minsk,MSQ
 AK ,Minto,MNT
 NB - Rail service ,Miramichi,XEY
 Malaysia ,Miri,MYY
 Russia ,Mirnyj,MJZ
 Japan ,Misawa,MSJ
 Papua New Guinea ,Misima Island,MIS
 TX ,Mission,MFE
 MT ,Missoula,MSO
 Libya ,Misurata,MRA
 Cook Islands ,Mitiaro Island,MOI
 Japan ,MiyakeJima,MYE
 Japan ,Miyako Jima,MMY
 Ethiopia ,Mizan Teferi,MTF
 Norway ,Mo I Rana,MQN
 Cuba ,Moa,MOA
 UT ,Moab,CNY
 Fiji ,Moala,MFJ
 Indonesia ,Moanamani,ONI
 Congo ,Moanda,MNB
 Gabon ,Moanda,MFF
 AL ,Mobile,MOB
 CA ,Modesto,MOD
 Somalia ,Mogadishu,MGQ
 Denmark ,Mohenjodaro,MJD
 South Korea ,Mokpo,MPK
 Namibia ,Mokuti Lodge,OKU
 Norway ,Molde,MOL
 IL ,Moline,MLI
 Kenya ,Mombasa,MBA
 Tunisia ,Monastir,MIR
 Japan ,Monbetsu,MBE
 Mexico ,Monclova,LOV
 NB - Airport ,Moncton,YQM
 NB - Rail service ,Moncton,XDP
 Australia ,Monkey Mia,MJK
 Solomon Islands ,Mono,MNY
 LA ,Monroe,MLU
 Liberia ,Monrovia,ROB
 QC ,Mont Joli,YYY
 Monaco ,Monte Carlo,MCM
 Brazil ,Monte Dourado,MEU
 Jamaica ,Montego Bay,MBJ
 CA ,Monterey,MRY
 Colombia ,Monteria,MTR
 Mexico ,Monterrey,MTY
 Brazil ,Montes Claros,MOC
 Uruguay ,Montevideo,MVD
 AL ,Montgomery,MGM
 France ,Montpellier,MPL
 QC - all airports ,Montreal,YMQ
 QC - Dorval ,Montreal,YUL
 QC - Dorval Rail service ,Montreal,XAX
 QC - Downtown Rail service ,Montreal,YMY
 QC - Mirabel ,Montreal,YMX
 QC - St Lambert Rail service ,Montreal,XLM
 CO ,Montrose,MTJ
 Montserrat ,Montserrat,MNI
 French Polynesia ,Moorea,MOZ
 ON ,Moosonee,YMO
 Mali ,Mopti,MZI
 Sweden ,Mora,MXX
 Madagascar ,Morafenobe,TVA
 Madagascar ,Morambe,MXM
 Australia,Moranbah,MOV
 Australia ,Moree,MRZ
 Mexico ,Morelia,MLM
 WV ,Morgantown,MGW
 Japan ,Morioka,HNA
 Australia,Mornington,ONG
 Papua New Guinea ,Moro,MXH
 Madagascar ,Morondava,MOQ
 Comoros ,Moroni,HAH
 Australia ,Moruya,MYA
 Russia - all locations ,Moscow,MOW
 Russia - Bykovo ,Moscow,BKA
 Russia - Domodedovo ,Moscow,DME
 Russia - Sheremetyevo ,Moscow,SVO
 Russia - Vnukovo ,Moscow,VKO
 WA ,Moses Lake,MWH
 Norway ,Mosjoen,MJF
 Bosnia and Herzegovina ,Mostar,OMO
 Vanuatu ,Mota Lava,MTV
 Gabon ,Mouila,MJL
 New Zealand ,Mount Cook,MON
 Australia ,Mount Gambier,MGB
 Papua New Guinea ,Mount Hagen,HGU
 VI,Mount Hotham,MHU
 Australia ,Mount Isa,ISA
 Australia ,Mount Keith,WME
 Australia ,Mount Magnet,MMG
 Falkland Islands ,Mount Pleasant,MPN
 AR ,Mountain Home,WMH
 AK ,Mountain Village,MOU
 Namibia ,Mpacha,MPA
 Tanzania ,Mtwara,MYW
 Brazil ,Mucuri,MVS
 China ,Mudanjiang,MDG
 Australia ,Mudgee,DGE
 Germany ,Muenster,FMO
 Malaysia ,Mukan,MKM
 France ,Mulhouse,MLH
 Indonesia ,Mulia,LII
 Pakistan ,Multan,MUX
 Malaysia ,Mulu,MZV
 India ,Mumbai,BOM
 Solomon Islands ,Munda,MUA
 Germany ,Munich,MUC
 Spain ,Murcia,MJV
 Russia ,Murmansk,MMK
 Australia,Murray Island,MYI
 Turkey ,Mus,MSR
 Oman ,Muscat,MCT
 AL ,Muscle Shoals,MSL
 MI ,Muskegon,MKG
 ON ,Muskrat Dam,MSA
 Tanzania ,Musoma,MUZ
 Pakistan ,Muzaffarabad,MFG
 Tanzania ,Mwanza,MWZ
 Myanmar ,Myeik,MGZ
 Myanmar ,Myitkyina,MYT
 SC ,Myrtle Beach,MYR
 Greece ,Mytilene,MJT
 Malawi ,Mzuzu,ZZU
 Indonesia ,Nabire,NBX
 Mozambique ,Nacala,MNC
 Morocco ,Nadar,NDR
 Fiji ,Nadi,NAN
 Russia ,Nadym,NYM
 Philippines ,Naga,WNP
 Japan ,Nagasaki,NGS
 Japan - Chubu CentrAir Intl ,Nagoya,NGO
 Japan - Nagoya Komaki APT ,Nagoya,NGO
 India ,Nagpur,NAG
 NL ,Nain,YDP
 Kenya - Jomo Kenyatta Intl ,Nairobi,NBO
 Kenya - Wilson ,Nairobi,WIL
 Azerbaijan ,Nakhichevan,NAJ
 Thailand ,Nakhon Ratchosima,NAK
 Thailand ,Nakhon Si Thammarat,NST
 ON ,Nakina,YQN
 Russia ,Nalchik,NAL
 Uzbekistan ,Namangan,NMA
 Papua New Guinea ,Namatana,ATN
 Marshall Islands ,Namorik Island,NDK
 Mozambique ,Nampula,APL
 Norway ,Namsos,OSY
 Papua New Guinea ,Namudi,NDI
 Thailand ,Nan,NNT
 BC - Cassidy Airport ,Nanaimo,YCD
 BC - Harbour Airport ,Nanaimo,ZNA
 China ,Nanchong,NAO
 NU ,Nanisivik,YSR
 China ,Nanking/Nanjing,NKG
 China ,Nanning,NNG
 Greenland ,Nanortalik,JNN
 France - Nantes Atlantique ,Nantes,NTE
 France - Rail service ,Nantes,QJZ
 China ,Nantong,NTG
 MA ,Nantucket,ACK
 China ,Nanyang,NNY
 Kenya ,Nanyuki,NYK
 AK ,Napakiak,WNA
 ON - Rail service ,Napanee,XIF
 AK ,Napaskiak,PKA
 New Zealand ,Napier-Hastings,NPE
 FL ,Naples,APF
 Italy ,Naples,NAP
 Thailand ,Narathiwat,NAW
 Australia ,Narrabri,NAA
 Greenland ,Narsaq,JNS
 Greenland ,Narsarsuaq,UAK
 Norway ,Narvik,NVK
 Russia ,Naryan-Mar,NNM
 TN ,Nashville,BNA
 Bahamas - Paradise Island ,Nassau,NAS
 Congo ,Natadi,MAT
 Brazil ,Natal,NAT
 QC ,Natashquan,YNA
 AK ,Naukiti,NKI
 Nauru ,Nauru Island,INU
 Brazil ,Navegantes,NVT
 Pakistan ,Nawabshah,WNS
 Russia ,NayUrengoy,NUX
 Chad ,Ndjamena,NDJ
 Zambia ,Ndola,NLA
 Greenland ,Neerlerit Inaat,CNP
 Russia ,Nefteyugansk,NFG
 Ethiopia ,Neghelli,EGL
 Jamaica ,Negril,NEG
 Colombia ,Neiva,NVA
 Saudi Arabia ,Nejran,EAM
 New Zealand ,Nelso,NSN
 AK ,Nelson Lagoon,NLG
 South Africa ,Nelspruit,NLP
 Mauritania ,Nema,EMN
 QC ,Nemiscau,YNS
 Russia ,Neryjungri,NER
 Argentina ,Neuquen,NQN
 St. Kitts and Nevis ,Nevis,NEV
 QC - Rail service ,New Carlisle,XEL
 AK ,New Chenega,NCN
 CT ,New Haven,HVN
 AK ,New Koliganek,KGK
,New London/Groton ,GON
,New London/Groton ,GON
 LA ,New Orleans,MSY
 New Zealand ,New Plymouth,NPL
 QC - Rail service ,New Richmond,XEM
 AK ,New Stuyahok,KNW
 NY - All airports ,New York,NYC
 NY - Kennedy ,New York,JFK
 NY - La Guardia ,New York,LGA
 NJ ,Newark,EWR
 NY ,Newburgh/Stewart Field,SWF
 Australia ,Newcastle,NTL
 Australia - Belmont ,Newcastle,BEO
 United Kingdom ,Newcastle,NCL
 Australia ,Newman,ZNE
 VA ,Newport News,PHF
 United Kingdom ,Newquay,NQY
 AK ,Newtok,WWT
 Cameroon ,Ngaoundere,NGE
 Fiji ,Ngau Island,NGI
 Australia ,Ngukurr,RPM
 Viet Nam ,Nha Trang,NHA
 ON - Rail service ,Niagara Falls,XLV
 Niger ,Niamey,NIM
 France ,Nice,NCE
 Cyprus ,Nicosia,NIC
 AK ,Nightmute,NME
 AK ,Nikolai,NIB
 AK ,Nikolski,IKO
 France ,Nimes,FNI
 China ,Ningbo,NGB
 Congo ,Nioko,NIX
 Tonga ,Niuafo'ou,NFO
 Tonga ,Niuatoputapu,NTT
 Niue ,Niue Island,IUE
 Russia ,Nizhnevartovsk,NJC
 Russia ,Nizhniy Novgorod,GOJ
 AK ,Noatak,WTK
 Russia ,Nojabrxsk,NOJ
 AK ,Nome,OME
 AK ,Nondalton,NNL
 AK ,Noorvik,ORV
 QC ,Noranda/Rouyn,YUY
 Germany ,Norderney,NRD
 Germany ,Nordholz-Speika,NDZ
 Norfolk Island ,Norfolk Island,NLK
 NE ,Norfolk,OFK
 VA ,Norfolk,ORF
 Russia ,Noril'sk,NSK
 NT ,Norman Wells,YVQ
 Australia,Normanton,NTN
 Sweden ,Norrkoping,NRK
 Vanuatu ,Norsup,NUS
 ON ,North Bay,YYB
 OR ,North Bend,OTH
 Turks and Caicos Islands ,North Caicos,NCA
 Bahamas ,North Eleuthera,ELH
 NE ,North Platte,LBF
 United Kingdom ,North Ronaldsay,NRL
 ON ,North Spirit Lake,YNO
 AK ,Northway,ORT
 MB ,Norway House,YNE
 United Kingdom ,Norwich,NWI
 Costa Rica ,Nosara Beach,NOB
 Madagascar ,Nossi-be,NOS
 United Kingdom ,Nottingham,EMA
 Mauritania ,Nouadhiba,NDB
 Mauritania ,Nouakchott,NKC
 New Caledonia - Magenta ,Noumea,GEA
 New Caledonia - Tontouta ,Noumea,NOU
 Russia ,Novgorod,NVR
 Russia ,Novokuznetsk,NOZ
 Russia - Tolmachevo ,Novosibirsk,OVB
 Cuba ,Nueva Gerona,GER
 Mexico ,Nuevo Laredo,NLD
 AK ,Nuiqsut,NUI
 French Polynesia ,Nuku Hiva,NHV
 Tonga ,Nuku'Alofa,TBU
 Uzbekistan ,Nukus,NCU
 AK ,Nulato,NUL
 Australia ,Numbulwar,NUB
 AK ,Nunapitchuk,NUP
 Indonesia ,Nunukan,NNX
 Germany ,Nuremberg,NUE
 Germany - Rail service ,Nuremberg,ZAQ
 Greenland ,Nuuk,GOH
 Sudan ,Nyala,UYL
 Myanmar ,Nyaung,NYU
 Australia ,Nyngan,NYN
 CA ,Oakland,OAK
 Mexico ,Oaxaca,OAX
 Indonesia ,Obano,OBD
 Japan ,Obihiro,OBO
 Jamaica ,Ocho Rios,OCJ
 Denmark ,Odense,ZBQ
 Ukraine ,Odessa,ODS
 TX ,Odessa/Midland,MAF
 NY ,Ogdensburg,OGS
 ON ,Ogoki,YOG
 Macedonia ,Ohrid,OHD
 Japan ,Oita,OIT
 Indonedia ,Okaba,OKQ
 Japan ,Okayama,OKJ
 Russia ,Okhotsk,OHO
 Japan ,Okinawa,OKA
 OK ,Oklahoma City,OKC
 Japan ,Okoshiri,OIR
 Indonesia ,Oksibil,OKL
 Italy ,Olbia,OLB
 YT ,Old Crow,YOC
 Vanuatu ,Olpoi,OLJ
 Australia ,Olympic Dam,OLP
 NE ,Omaha,OMA
 Gabon ,Omboue,OMB
 Russia ,Omsk,OMS
 Namibia ,Ondangwa,OND
 CA ,Ontario,ONT
 ON ,Opapamiska Lake,YBS
 Romania ,Oradea,OMR
 Algeria ,Oran,ORN
 CA ,Orange County,SNA
 Australia ,Orange,OAG
 Namibia ,Oranjemund,OMD
 Sweeden - Obrebro-Bofors ,Orebro,ORB
 Russia ,Orenburg,REN
 FL - Herndon ,Orlando,ORL
 FL - International ,Orlando,MCO
 Pakistan ,Ormara,ORW
 Sweden ,Ornskoldsvik,OER
 Russia ,Orsk,OSW
 Norway ,Orsta-Volda,HOV
 Japan - all airports ,Osaka,OSA
 Japan - Itami ,Osaka,ITM
 Japan - Kansai Intl ,Osaka,KIX
 ON ,Oshawa,YOO
 Japan ,Oshima,OIM
 WI ,Oshkosh,OSH
 Croatia ,Osijek,OSI
 Sweden ,Oskarshamn,OSK
 Norway ,Oslo,OSL
 Sweden ,Ostersund,OSD
 Czech Republic ,Ostrava,OSR
 ON - International ,Ottawa,YOW
 ON - Rail service ,Ottawa,XDS
 IA ,Ottumwa,OTM
 Colombia ,Otu,OTU
 Burkina Faso ,Ouagadougou,OUA
 Algeria ,Ouargla,OGX
 Morocco ,Ouarzazate,OZZ
 Laos ,Oudomxay,ODY
 Morocco ,Oujda,OUD
 Finland ,Oulu,OUL
 New Caledonia ,Ouvea,UVE
 Israel ,Ovda,VDA
 KY ,Owensboro,OWB
 MB ,Oxford House,YOH
 CA ,Oxnard/Ventura,OXR
 Gabon ,Oyem,OYE
 Vanuatu ,Paama,PBJ
 Greenland ,Paamiut,JFR
 Indonesia ,Padang,PDG
 Germany ,Paderborn,PAD
 KY ,Paducah,PAH
 AZ ,Page,PGA
 American Samoa ,Pago Pago,PPG
 Laos ,Pakse,PKZ
 QC ,Pakuashipi,YIF
 Uganda ,Pakuba,PAF
 Honduras ,Palacios,PCH
 Indonesia ,Palang Karaya,PKY
 Lithuania ,Palanga,PLQ
 Indonesia ,Palembang,PLM
 Mexico ,Palenque,PQM
 Italy ,Palermo,PMO
 CA ,Palm Springs,PSP
 Spain and Canary Islands ,Palma Mallorca,PMI
 Costa Rica ,Palmar,PMZ
 Brazil ,Palmas,PMW
 New Zealand ,Palmerston North,PMR
 Indonesia ,Palu,PLW
 Spain ,Pamplona,PNA
 FL ,Panama City,PFN
 Panama - Paitilla ,Panama City,PAC
 Panama - Tocumen Intl ,Panama City,PTY
 Indonesia ,Pangkalanboun,PKN
 Indonesia ,Pangkalpinang,PGK
 NU ,Pangnirtung,YXP
 Pakistan ,Panjger,PJG
 Italy ,Pantelleria,PNL
 United Kingdom ,Papa Westray,PPW
 French Polynesia ,Papeete,PPT
 Cyprus ,Paphos,PFO
 Pakistan ,Para Chinar,PAJ
 Australia ,Paraburdoo,PBO
 Bahamas ,Paradise Island,PID
 Suriname - Zanderij Intl ,Paramaribo,PBM
 Suriname - Zorg En Hoop ,Paramaribo,ORG
 Argentina ,Parana,PRA
 Solomon Islands ,Parasi,PRS
 QC - Rail service ,Parent,XFE
 France - All airports ,Paris,PAR
 France - Beauvais-Tille ,Paris,BVA
 France - Charles Degaulle ,Paris,CDG
 France - Orly ,Paris,ORY
 WV/Marietta,Parkersburg,PKB
 BC - Rail service ,Parksville,XPB
 Italy ,Parma/Milan,PMF
 Brazil ,Parnaiba,PHB
 Bhutan ,Paro,PBH
 WA ,Pasco,PSC
 Pakistan ,Pasni,PSI
 Argentina ,Paso de Los Libres,AOL
 Brazil ,Passo Fundo,PFB
 Colombia ,Pasto,PSO
 India ,Patna,PAT
 Greece ,Patras,GPA
 France ,Pau,PUF
 NT ,Paulatuk,YPC
 Kazakhstan ,Pavlodar,PWQ
 AB ,Peace River,YPE
 ON ,Peawanuck,YPO
 Russia ,Pechora,PEX
 AK ,Pedro Bay,PDB
 Indonesia ,Pekanbaru,PKU
 AK ,Pelican,PEC
 MI ,Pellston,PLN
 Brazil ,Pelotas,PET
 Mozambique ,Pemba,POL
 Tanzania - Wawi ,Pemba,PMA
 ON ,Pembroke,YTA
 Malaysia ,Penang,PEN
 OR ,Pendleton,PDT
 Cook Islands ,Penrhyn Island,PYE
 FL ,Pensacola,PNS
 BC ,Penticton,YYF
 United Kingdom ,Penzance,PZE
 IL ,Peoria,PIA
 QC - Rail service ,Perce,XFG
 Colombia ,Pereira,PEI
 France ,Perigueux,PGX
 Argentina ,Perito Moreno,PMQ
 Russia ,Perm,PEE
 France ,Perpignan,PGF
 AK ,Perryville,KPV
 Western Australia,Perth,PER
 Italy ,Perugia,PEG
 Italy ,Pescara,PSR
 Pakistan ,Peshawar,PEW
 AK ,Petersburg,PSG
 Brazil ,Petrolina,PNZ
 Russia ,Petropaulousk-Kamchats,PKC
 Russia ,Petrozavodsk,PES
 South Africa ,Phalaborwa,PHW
 PA - International ,Philadelphia,PHL
 PA - Trenton/Mercer NJ ,Philadelphia,TTN
 Thailand ,Phitsanulok,PHS
 Cambodia ,Phnom Penh,PNH
 AZ ,Phoenix,PHX
 Thailand ,Phrae,PRH
 Viet Nam - Duong Dang ,Phu Quoc,PQC
 Thailand ,Phuket,HKT
 ON ,Pickle Lake,YPL
 Portugal ,Pico Island,PIX
 Mexico ,Piedras Negras,PDS
 SD ,Pierre,PIR
 South Africa ,Pietermaritzburg,PZB
 South Africa ,Pietersburb,PTG
 ON ,Pikangikum,YPM
 AK ,Pilot Point,PIP
 AK - Ugashnik Bay ,Pilot Point,UGB
 AK ,Pilot Station,PQS
 Taiwan ,Pingtung,PIF
 Italy - Gal Galilei ,Pisa,PSA
 PA ,Pittsburgh,PIT
 Greenland ,Pituffik,THU
 Peru ,Piura,PIU
 Belize ,Placencia,PLJ
 AK ,Platinum,PTU
 NY ,Plattsburgh,PLB
 Viet Nam ,Pleiku,PXU
 South Africa ,Plettenburg Bay,PBZ
 United Kingdom ,Plymouth,PLH
 ID ,Pocatello,PIH
 Serbia and Montenegro - Golubovci ,Podgoriea,TGD
 Micronesia ,Pohnpei,PNI
 AK ,Point Baker,KPB
 AK ,Point Hope,PHO
 AK ,Point Lay,PIZ
 Congo ,Pointe Noire,PNR
 Guadeloupe ,Pointe-a-Pitre,PTP
 QC - Rail service ,Pointe-aux-Trembles,XPX
 SK ,Points North Landing,YNL
 France - Biard ,Poitiers,PIS
 France - Rail service ,Poitiers,XOP
 Nepal ,Pokhara,PKR
 Ukraine ,Poltava,PLV
 Russia ,Polyarnyj,PYJ
 OK ,Ponca City,PNC
 Puerto Rico ,Ponce,PSE
 Puerto Rico ,Ponce,PSE
 NU ,Pond Inlet,YIO
 Portugal ,Ponta Delgada,PDL
 Brazil ,Ponta Pora,PMG
 Indonesia ,Pontianak,PNK
 ON ,Poplar Hill,YHP
 Papua New Guinea ,Popondetta,PNP
 Slovakia ,Popraol/Tatry,TAT
 India ,Porbandar,PBD
 Finland ,Pori,POR
 Venezuela ,Porlamar,PMV
 BC ,Port Alberni,YPB
 AK ,Port Alsworth,PTA
 WA ,Port Angeles,CLM
 Jamaica ,Port Antonio,POT
 TX ,Port Arthur/Beaumont,BPT
 Haiti ,Port Au Prince,PAP
 Australia ,Port Augusta,PUG
 Madagascar ,Port Berge,WPB
 India ,Port Blair,IXZ
 AK ,Port Clarence,KPC
 South Africa ,Port Elizabeth,PLZ
 Gabon ,Port Gentil,POG
 Nigeria ,Port Harcourt,PHC
 BC ,Port Hardy,YZT
 Australia ,Port Headland,PHE
 AK ,Port Heiden,PTH
 NL ,Port Hope Simpson,YHA
 Australia ,Port Lincoln,PLO
 Australia ,Port Macquarie,PQQ
 QC ,Port Meiner,YPN
 AK ,Port Moller,PML
 Papua New Guinea ,Port Moresby,POM
 Trinidad ,Port of Spain,POS
 AK ,Port Protection,PPV
 Falkland Islands ,Port Stanley,PSY
 Sudan ,Port Sudan,PZU
 Vanuatu ,Port Vila,VLI
 AK ,Portage Creek,PCA
 ME ,Portland,PWM
 OR ,Portland,PDX
 Australia ,Portland,PTJ
 Brazil ,Porto Alegre,POA
 Portugal ,Porto Santo,PXO
 Brazil ,Porto Seguro,BPS
 Brazil ,Porto Velho,PVH
 Portugal ,Porto,OPO
 Ecuador ,Portoviejo,PVO
 NH ,Portsmouth,PSM
 Argentina ,Posadas,PSS
 NL ,Postville,YSO
 NY ,Poughkeepsie,POU
 QC ,Povungnituk,YPX
 BC ,Powell River,YPW
 Mexico ,Poza Rico,PAZ
 Poland ,Poznan,POZ
 Czech Republic ,Prague,PRG
 Cape Verde ,Praia,RAI
 Argentina ,Pres. Roque Saenz Pena,PRQ
 AZ ,Prescott,PRC
 ON - Rail service ,Prescott,XII
 Brazil ,Presidente Prudente,PPB
 ME ,Presque Isle,PQI
 Greece ,Preveza/Lefkas,PVK
 SK ,Prince Albert,YPA
 BC ,Prince George,YXS
 BC - Rail service ,Prince George,XDV
 BC - Digby Island Airport ,Prince Rupert,YPR
 BC - Rail service ,Prince Rupert,XDW
 WV ,Princeton,BLF
 Serbia and Montenegro ,Pristina,PRN
 Australia,Proserpine,PPP
 RI ,Providence,PVD
 Turks and Caicos Islands ,Providenciales,PLS
 MA ,Provincetown,PVC
 AK ,Prudhoe Bay/Deadhorse,SCC
 Peru ,Pucallpa,PCL
 Mexico ,Puebla,PBC
 CO ,Pueblo,PUB
 Venezuela ,Puerto Ayacucha,PYH
 Colombia ,Puerto Berria,PBE
 Spain ,Puerto del Rosario,FUE
 Argentina ,Puerto Deseado,PUD
 Mexico ,Puerto Escondido,PXM
 Costa Rica ,Puerto Jimenez,PJM
 Honduras ,Puerto Lempira,PEU
 Argentina ,Puerto Madryn,PMY
 Peru ,Puerto Maldonado,PEM
 Chile ,Puerto Montt,PMC
 Venezuela ,Puerto Ordaz,PZO
 Dominican Republic ,Puerto Plata,POP
 Philippines ,Puerto Princesa,PPS
 Bolivia ,Puerto Suarez,PSZ
 Mexico ,Puerto Vallarta,PVR
 MB - ,Pukatawagan,XPK
 Croatia ,Pula,PUY
 WA ,Pullman,PUW
 India ,Pune,PNQ
 Chile ,Punta Arenas,PUQ
 Dominican Republic ,Punta Cana,PUJ
 Uruguay ,Punta Del Este,PDP
 Belize ,Punta Gorda,PND
 Costa Rica ,Punta Islita,PBP
 India ,Puttaparthi,PUT
 Indonesia ,Putussibau,PSU
 North Korea ,Pyongyang,FNJ
 Saudi Arabia ,Qaisumah,AQI
 Greenland ,Qaqortoq,JJU
 China ,Qiemo,IQM
 NU ,Qikiqtarjuaq,YVM
 China ,Qingdao,TAO
 China ,Qiqihar,NDG
 BC ,Qualicum,XQU
 QC ,Quaqtaq,YQC
 QC - Charny Rail service ,Quebec,YFZ
 QC - International Airport ,Quebec,YQB
 QC - Levis Rail service ,Quebec,XLK
 QC - Quebec Station Rail service ,Quebec,XLJ
 QC - Sainte-Foy Rail service ,Quebec,XFY
 New Zealand ,Queenstown,ZQN
 Mozambique ,Quelimane,UEL
 Costa Rica ,Quepos,XQP
 Mexico ,Queretaro,QRO
 BC ,Quesnel,YQZ
 Pakistan ,Quetta,UET
 Viet Nam ,Qui Nhon,UIH
 Colombia ,Quibdo,UIB
 France ,Quimper,UIP
 IL ,Quincy,UIN
 AK ,Quinhagak,KWN
 Australia,Quipi,ULP
 Ecuador ,Quito,UIO
 Papua New Guinea ,Rabaraba,RBP
 Morocco ,Rabat,RBA
 Papua New Guinea ,Rabaul,RAB
 Viet Nam ,Rach Gia,VKG
 Russia ,Raduzhnyi,RAT
 NT ,Rae Lakes,YRA
 Saudi Arabia ,Rafha,RAH
 Iran ,Rafsanjan,RJN
 French Polynesia ,Raiatea,RFP
 AB ,Rainbow Lake,YOP
 India ,Rajkot,RAJ
 Bangladesh ,Rajshahi,RJH
 NC ,Raleigh/Durham,RDU
 Solomon Islands ,Ramato,RBV
 Australia ,Ramingining,RAM
 AK ,Rampart,RMP
 India ,Ranchi,IXR
 NU ,Rankin Inlet,YRT
 Thailand ,Ranong,UNN
 SD ,Rapid City,RAP
 Cook Islands ,Rarotonga,RAR
 United Arab Emirates ,Ras Al Khaimah,RKT
 Iran ,Rasht,RAS
 Cambodia ,Ratanakiri,RBE
 Pakistan ,Rawala Kot,RAZ
 PA ,Reading,RDG
 Japan ,Rebun,RBJ
 Brazil ,Recife,REC
 Argentina ,Reconquista,RCQ
 AK ,Red Devil,RDV
 ON ,Red Lake,YRL
 MB ,Red Sucker Lake,YRS
 CA ,Redding,RDD
 OR ,Redmond,RDM
 Italy ,Reggio Calabria,REG
 SK ,Regina,YQR
 Solomon Islands ,Rennell,RNL
 France ,Rennes,RNS
 NV ,Reno,RNO
 NU ,Repulse Bay,YUT
 Argentina ,Resistencia,RES
 NU ,Resolute,YRB
 Spain and Canary Islands ,Reus,REU
 Iceland ,Reykjavik,KEF
 Mexico ,Reynossa,REX
 WI,Rhinelander,RHI
 Gabon ,Rhodes,RHO
 Brazil ,Ribeirao Preto,RAO
 Bolivia ,Riberalta,RIB
 South Africa ,Richards Bay,RCB
 Australia,Richmond,RCM
 VA ,Richmond,RIC
 Latvia ,Riga,RIX
 NL ,Rigolet,YRG
 Croatia ,Rijeka,RJK
 Italy ,Rimini,RMI
 QC ,Rimouski,YXK
 Brazil ,Rio Branco,RBR
 Argentina ,Rio Cuarto,RCU
 Brazil ,Rio De Janeiro,GIG
 Argentina - Internacional ,Rio Gallegos,RGL
 Brazil ,Rio Grande,RIG
 Argentina ,Rio Grande,RGA
 Argentina ,Rio Mayo,ROY
 Brazil ,Rio Verde,RVD
 Colombia ,Riohacha,RCH
 Japan ,Rishiri,RIS
 WY ,Riverton,RIW
 QC - Rail service ,Riviere-a-Pierre,XRP
 Saudi Arabia ,Riyadh,RUH
 Yemen ,Riyan Mukalla,RIY
 France ,Roane,RNE
 VA ,Roanoke,ROA
 Honduras ,Roatan,RTB
 QC ,Roberval,YRJ
 Viet Nam ,Roch Gia,VKG
 WA ,Roche Harbor,RCE
 MN ,Rochester,RST
 NY ,Rochester,ROC
 Bahamas ,Rock Sound,RSD
 WY ,Rock Springs,RKS
 IL - Park&Ride Bus ,Rockford,ZRF
 IL - Van Galder Bus ,Rockford,ZRK
 Australia,Rockhampton,ROK
 ME ,Rockland,RKD
 France ,Rodez,RDZ
 Mauritius ,Rodrigues Island,RRG
 Norway ,Roervik,RVK
 Norway ,Rognan,ZXM
 Australia,Roma,RMA
 Italy - All airports ,Rome,ROM
 Italy - Ciampino ,Rome,CIA
 Italy - Leonardo Da Vinci/Fiumicino ,Rome,FCO
 Marshall Islands ,Rongelap Island,RNP
 Sweden ,Ronneby,RNB
 Norway ,Roros,RRS
 French Polynesia ,Rorutu,RUR
 Argentina ,Rosario,ROS
 WA ,Rosario,RSJ
 Iceland ,Rosh Pina,RPN
 Norway ,Rost,RET
 Germany ,Rostock-Laage,RLG
 Russia ,Rostov,ROV
 NM ,Roswell,ROW
 Northern Mariana Islands ,Rota,ROP
 New Zealand ,Rotorua,ROT
 Netherlands ,Rotterdam,RTM
 France ,Rouen,URO
 ON ,Round Lake,ZRJ
 QC ,Rouyn/Noranda,YUY
 Finland ,Rovaniemi,RVN
 AK ,Ruby,RBY
 AK ,Russian Mission,RSH
 VT ,Rutland,RUT
 Mexico ,S. Cristobal del Casas,SZT
 Germany ,Saarbruecken,QFZ
 ON ,Sachigo Lake,ZPB
 NT ,Sachs Harbour,YSY
 NB - Rail service ,Sackville,XKV
 CA ,Sacramento,SMF
 MI ,Saginaw,MBS
 MN ,Saint Cloud,STC
 U.S. Virgin Islands ,Saint Croix,STX
 AK ,Saint George Island,STG
 UT ,Saint George,SGU
 QC - Rail service ,Saint Hyacinthe,XIM
 NB ,Saint John,YSJ
 NL ,Saint Johns,YYT
 NB ,Saint Leonard,YSL
 MO ,Saint Louis,STL
 ST. LUCIA ,Saint Lucia,SLU
 Netherlands Antilles ,Saint Maarten,SXM
 AK ,Saint Mary's,KSM
 AK ,Saint Michael,SMK
 AK ,Saint Paul Island,SNP
 Russia - Pulkovo ,Saint Petersburg,LED
 U.S. Virgin Islands ,Saint Thomas,STT
 France ,Saint Tropez,XPZ
 France - La Mole ,Saint Tropez,LTT
 Northern Mariana Islands ,Saipan,SPN
 Thailand ,Sakon Nakhon,SNO
 Russia ,Salehard,SLY
 OR ,Salem,SLE
 KS ,Salina,SLN
 MD ,Salisbury-Ocean City,SBY
 QC ,Salluit,YZG
 Turks and Caicos Islands ,Salt Cay,SLX
 UT ,Salt Lake City,SLC
 Mexico ,Saltillo,SLW
 Brazil ,Salvadore,SSA
 Austria ,Salzburg,SZG
 Russia ,Samara,KUF
 Madagascar ,Sambaua,SVB
 Kenya ,Samburu,UAS
 Greece ,Samos,SMI
 Colombia ,San Andres Island,ADZ
 TX ,San Angelo,SJT
 Argentina ,San Antonio Oesta,OES
 TX ,San Antonio,SAT
 Venezuela ,San Antonio,SVZ
 Argentina ,San Carlos,BRC
 CA ,San Diego,SAN
 CA ,San Francisco,SFO
 CA ,San Jose,SJC
 Costa Rica - Juan Santa Maria ,San Jose,SJO
 Costa Rica - Tobias Bolanos Int'l ,San Jose,SYQ
 Puerto Rico ,San Juan,SJU
 Puerto Rico ,San Juan,SJU
 Argentina ,San Juan,UAQ
 Argentina ,San Julian,ULA
 CA ,San Luis Obispo,SBP
 Mexico ,San Luis Potosi,SLP
 Argentina ,San Luis,LUQ
 San Marino ,San Marino,SAI
 Argentina ,San Martin De Los Andes,CPC
 Panama ,San Miguel,NMG
 Honduras ,San Pedro Sula,SAP
 Argentina ,San Rafael,AFA
 Bahamas ,San Salvador,ZSA
 El Salvador ,San Salvador,SAL
 Spain ,San Sebastian,EAS
 Yemen ,Sana'a,SAH
 AK ,Sand Point,SDP
 United Kingdom ,Sanday,NDY
 ON ,Sandy Lake,ZSJ
 FL ,Sanford,SFB
 NU ,Sanikiluaq,YSK
 CA ,Santa Ana,SNA
 Solomon Islands ,Santa Ana,NNB
 CA ,Santa Barbara,SBA
 Venezuela ,Santa Barbara,STB
 Spain and Canary Islands - La Palma ,Santa Cruz De La Palma,SPC
 Bolivia ,Santa Cruz,VVI
 NM ,Santa Fe,SAF
 Brazil ,Santa Maria,RIA
 CA ,Santa Maria,SMX
 Portugal ,Santa Maria,SMA
 Colombia ,Santa Marta,SMR
 CA ,Santa Rosa,STS
 Argentina ,Santa Rosa,RSA
 Brazil ,Santarem,STM
 Madagascar ,Sante Marie,SMS
 Chile ,Santiago,SCL
 Dominican Republic ,Santiago,STI
 Brazil ,Santo Angelo,GEL
 Cape Verde ,Santo Antao,NTO
 Dominican Republic - Herrera ,Santo Domingo,HEX
 Dominican Republic - Las Americas ,Santo Domingo,SDQ
 Venezuela ,Santo Domingo,STD
 China ,Sanya,SYX
 Cape Verde ,Sao Nicolau,SNE
 Brazil - Congonhas ,Sao Paulo,CGH
 Brazil - Guarulhos Intl ,Sao Paulo,GRU
 Brazil - Viracopos ,Sao Paulo,VCP
 Sao Tome and Principe ,Sao Tome Is.,TMS
 Cape Verde ,Sao Vicente,VXE
 Japan - Chitose ,Sapporo,CTS
 Japan - Okadama ,Sapporo,OKD
 Vanuatu ,Sara,SSR
 NY ,Saranac Lake,SLK
 FL ,Sarasota,SRQ
 Russia ,Saratov,RTW
 Indonesia ,Sarmi,ZRM
 ON ,Sarnia,YZR
 ON - Rail service ,Sarnia,XDX
 SK ,Saskatoon,YXE
 Romania ,Satu Mare,SUJ
 Papua New Guinea ,Satwag,SWG
 Brazil ,Sau Luiz,SLZ
 MI,Sault Ste Marie,CIU
 ON ,Sault Ste-Marie,YAM
 Indonesia ,Saumlaki,SXK
 GA ,Savannah,SAV
 Laos ,Savannakhet,ZVK
 Finland ,Savonlinna,SVL
 AK ,Savoonga,SVA
 Fiji ,Savusavu,SVU
 Laos ,Sayaboury,ZBY
 AK ,Scammon Bay,SCM
 QC ,Schefferville,YKL
 NE ,Scottsbluff,BFF
 PA ,Scranton,AVP
 WA - Lake Union SPB ,Seattle,LKE
 WA - Seattle/Tacoma International ,Seattle,SEA
 Solomon Islands ,Sege,EGM
 Yemen ,Seiyun,GXF
 AK ,Selawik,WLK
 Norway ,Selje,QFK
 Indonesia ,Semarang,SRG
 Indonesia ,Senggo,ZEG
 QC - Rail service ,Senneterre,XFK
 South Korea - All Airports ,Seoul,SEL
 South Korea - Gimpo International ,Seoul,GMP
 South Korea - Incheon International ,Seoul,ICN
 QC ,Sept-Iles,YZV
 Indonesia ,Servi,ZRI
 Namibia ,Sesriem,SZM
 Spain and Canary Islands ,Sevilla,SVQ
 AK ,Seward,SWD
 AK ,Shageluk,SHX
 AK ,Shaktoolik,SKK
 MB ,Shamattawa,ZTM
 China ,Shanghai,PVG
 Ireland ,Shannon,SNN
 China ,Shantou,SWA
 Egypt ,Sharm El Sheikh,SSH
 QC - Rail service ,Shawinigan,XFL
 BC - Rail service ,Shawnigan,XFM
 United Kingdom ,Sheffield,SZD
 AL ,Sheffield/Florence/Muscle Shoals,MSL
 AK ,Sheldon Point,SXP
 China ,Shenzhen,SZX
 WY ,Sheridan,SHR
 United Kingdom - Lerwick/Tingwall ,Shetland Islands,LWK
 United Kingdom - Sumburgh ,Shetland Islands,LSI
 Ethiopia ,Shillavo,HIL
 Kazakhstan ,Shimkent,CIT
 Iran ,Shiraz,SYZ
 AK ,Shishmaref,SHH
 Japan ,Shonai,SYO
 LA ,Shreveport,SHV
 AK ,Shungnak,SHG
 Australia ,Shute Harbor,JHQ
 Cambodia ,Siem Reap,REP
 India ,Silchar,IXS
 NM ,Silver City,SVC
 China ,Simao,SYM
 Indonesia ,Sinak,NKD
 Singapore - Changi ,Singapore,SIN
 Singapore - Seletar ,Singapore,XSP
 Indonesia ,Sintang,SQG
 IA ,Sioux City,SUX
 SD ,Sioux Falls,FSD
 ON ,Sioux Lookout,YXL
 Greenland ,Sisimiut,JHS
 AK ,Sitka,SIT
 Myanmar ,Sittwe,AKY
 Turkey ,Sivas,VAS
 AK ,Skagway,SGY
 Greece ,Skiathos,JSI
 Macedonia ,Skopie,FYROM
 Sweden ,Skovde,KVB
 South Africa ,Skukuza,SZK
 AK ,Sleetmore,SLQ
 Ireland ,Sligo,SXL
 ON ,Smith Falls,YSH
 BC ,Smithers,YYD
 NT ,Snare Lake,YFJ
 Madagascar ,Soalala,DWB
 Sweden ,Soderham,SOO
 Bulgaria ,Sofia,SOF
 Norway ,Sognolal,SOG
 Indonesia ,Solo City,SOC
 Viet Nam - Na-San ,Son-La,SQH
 Norway ,Sorkjosen,SOJ
 Brazil ,Sorocaba,SOD
 Bahamas ,South Andros,TZN
 IN ,South Bend,SBN
 Turks and Caicos Islands ,South Caicos,XSC
 United Kingdom ,South Hampton,SOU
 MB ,South Indian Lake,XSI
 Australia,South Molle Island,SOI
 AK ,South Naknek,WSN
 NC ,Southern Pines,SOP
 SC ,Spartanburg/Greenville,GSP
 Croatia ,Split,SPU
 WA ,Spokane,GEG
 Bahamas ,Spring Point,AXP
 IL ,Springfield,SPI
 MO ,Springfield,SGF
 India ,Srinagar,SXR
 NL ,St Anthony,YAY
 ON ,St Catharines,YCM
 Reunion ,St Denis de la Reunion,RUN
 St Kitts and Nevis ,St Kitts,SKB
 ON - Rail service ,St Marys,XIO
 FL ,St Petersburg/Clearwater,PIE
 St Pierre and Miquelon ,St Pierre,FSP
 Saint Vincent and the Grenadines ,St Vincent,SVD
 U.S. Virgin Islands ,St. Croix Island,STX
 France ,St. Etienne,EBU
 Netherlands Antilles ,St. Eustatius,EUX
 St. Lucia ,St. Lucia,UVF
 St. Lucia - Hawnorra ,St. Lucia,UVF
 Russia ,St. Petersburg,LED
 Reunion ,St. Pierre de la Reunion,ZSE
 U.S. Virgin Islands ,St. Thomas Island,STT
 PA ,State College/University Park,SCE
 VA ,Staunton,SHD
 Norway ,Stavanger,SVG
 Russia ,Stavropol,STW
 MB ,Ste Therese Point,YST
 CO ,Steamboat Springs,SBS
 AK ,Stebbins,WBB
 Bahamas ,Stella Maris,SML
 NL ,Stephenville,YJT
 WI ,Stevens Point/Wausau,CWA
 AK ,Stevens Village,SVS
 NY ,Stewart Field/Newburgh,SWF
 Sweden - All airports ,Stockholm,STO
 Sweden - Arlanda ,Stockholm,ARN
 Sweden - Bromma ,Stockholm,BMA
 CA ,Stockton,SCK
 SK ,Stony Rapids,YSF
 AK ,Stony River,SRV
 United Kingdom ,Stornoway,SYY
 Sweden ,Storuman,SQO
 France - Bus service ,Strasbourg,XER
 France - Entzheim ,Strasbourg,SXB
 ON - Rail service ,Strathroy,XTY
 United Kingdom ,Stronsay,SOY
 Cambodia ,Stung Treng,TNX
 Germany - Echterdingen ,Stuttgart,STR
 Germany - Rail service ,Stuttgart,ZWS
 Solomon Islands ,Suavanao,VAO
 Bolivia ,Sucre,SRE
 ON ,Sudbury,YSB
 ON - Rail service ,Sudbury,XDY
 Australia,Sue Island,SYU
 Pakistan ,Sui,SUL
 Thailand ,Sukhotthai,THS
 ON ,Summer Beaver,SUR
 South Africa ,Sun City,NTY
 ID ,Sun Valley,SUN
 Australia,Sunshine Coast,MCY
 Indonesia ,Surabaya,SUB
 Thailand ,Surat Thani,URT
 Fiji ,Suva,SUV
 Sweden ,Sveg,EVG
 Norway ,Svolvaer,SVJ
 MB ,Swan River,ZJN
 Australia ,Sydney,SYD
 NS ,Sydney,YQY
 Bangladesh ,Sylhet,ZYL
 NY ,Syracuse,SYR
 Poland ,Szczecin,SZZ
 Egypt ,Taba,TCP
 Tunisia ,Tabarka,TBJ
 Brazil ,Tabatinga,TBT
 Tanzania ,Tabora,TBO
 Iran ,Tabriz,TBZ
 Papua New Guinea ,Tabubil,TBG
 Saudi Arabia ,Tabuk,TUU
 China ,Tacheng,TCG
 Myanmar ,Tachilek,THL
 Philippines ,Tacloban,TAC
 Peru ,Tacna,TCQ
 MB ,Tadoule Lake,XTL
 Taiwan ,Taichung,TXG
 Saudi Arabia ,Taif,TIF
 Taiwan ,Tainan,TNN
 Taiwan - Chiang Kai Shek ,Taipei,TPE
 Taiwan - Sung Shan ,Taipei,TSA
 Taiwan ,Taitung,TTT
 China ,Taiyuan,TYN
 Yemen ,Taiz,TAI
 AK ,Takotna,TCT
 AK ,Talkeetna,TKA
 FL ,Tallahassee,TLH
 Estonia ,Tallinn,TLL
 NU ,Taloyoak,YYH
 Algeria ,Tamanrasset,TMR
 Costa Rica ,Tamarindo,TNO
 Madagascar ,Tamatave,TMM
 Madagascar,Tambohorano,WTA
 Indonesia ,Tambolaka,TMC
 Costa Rica ,Tambor,TMU
 FL ,Tampa,TPA
 Finland ,Tampere,TMP
 Mexico ,Tampico,TAM
 Australia ,Tamworth,TMW
 Indonesia ,Tanahmerah,TMH
 AK ,Tanana,TAL
 Morocco ,Tangier,TNG
 Indonesia ,Tanjung Pandan,TJQ
 Indonesia ,Tanjung Selor,TJS
 Vanuatu ,Tanna,TAH
 NM ,Taos,TSM
 Mexico ,Tapachula,TAP
 Indonesia ,Tarakan,TRK
 Japan ,Taramajma,TRA
 Italy ,Taranto,TAR
 Peru ,Tarapoto,TPP
 Kiribati ,Tarawa,TRW
 Australia ,Taree,TRO
 Papua New Guinea ,Tari,TIZ
 Bolivia ,Tarija,TJA
 Uzbekistan ,Tashkent,TAS
 QC ,Tasiujuaq,YTQ
 AK ,Tatitlek,TEK
 New Zealand ,Taupo,TUO
 New Zealand ,Tauranga,TRG
 Fiji ,Taveuni,TVU
 Malaysia ,Tawau,TWU
 Algeria ,Tbessa,TEE
 Georgia ,Tbilisi,TBS
 Gabon ,Tchibanga,TCH
 New Zealand ,Te Anau,TEU
 United Kingdom ,Teesside,MME
 Brazil ,Tefe,TFF
 Honduras ,Tegucigalpa,TGU
 Iran - Mehrabad ,Tehran,THR
 Papua New Guinea ,Tekadu,TKB
 Israel ,Tel Aviv,TLV
 AK ,Teller Mission,KTS
 CO ,Telluride,TEX
 Indonesia ,Tembagapura,TIM
 Indonesia ,Teminabuan,TXM
 Chile ,Temuco,ZCO
 AK ,Tenakee Springs,TKE
 Spain and Canary Islands - Norte Los Rodeos ,Tenerife,TFN
 Spain and the Canary Islands - Sur Reina Sofia ,Tenerife,TFS
 Australia ,Tennant Creek,TCA
 Mexico ,Tepic,TPQ
 Portugal ,Terceira Island,TER
 Brazil ,Teresina,THE
 Uzbekistan ,Termez,TMJ
 Indonesia ,Ternate,TTE
 BC ,Terrace,YXT
 IN ,Terre Haute,HUF
 Papua New Guinea ,Tetabedi,TDB
 Mozambique ,Tete,TET
 QC ,Tete-a-La Baleine,ZTB
 AK ,Tetlin,TEH
 Morocco ,Tetuan,TTU
 AR ,Texarkana,TXK
 India ,Tezpur,TEZ
 Myanmar ,Thandwe,SNW
 Australia,Thangool,THG
 Australia,Thargomindah,XTG
 Bahamas ,The Bight,TBI
 MB ,The Pas,YQD
 MB - Rail service ,The Pas,XDZ
 Greece ,Thessaloniki,SKG
 MB ,Thicket Portage,YTD
 MN ,Thief River Falls,TVF
 Greece ,Thira,JTR
 India ,Thiruvananthapuram,TRV
 MB ,Thompson,YTH
 AK ,Thorne Bay,KTB
 Iceland ,Thorshofn,THO
 ON ,Thunder Bay,YQT
 Australia,Thursday Island,TIS
 China ,Tianjn,TSN
 Algeria ,Tiaret,TID
 New Caledonia ,Tiga,TGJ
 Mexico ,Tijuana,TIJ
 French Polynesia ,Tikehau Atoll,TIH
 Russia ,Tiksi,IKS
 New Zealand ,Timaru,TIU
 Algeria ,Timimoun,TMX
 ON ,Timmins,YTS
 Romania ,Timosoara,TSR
 AK ,Tin City,TNC
 Algeria ,Tindouf,TIN
 Northern Mariana Islands ,Tinian,TIQ
 Mauritania ,Tioljikja,TIY
 Malaysia ,Tioman,TOD
 Ethiopia ,Tippi,TIE
 Albania ,Tirana,TIA
 United Kingdom ,Tiree,TRE
 Romania ,Tirgu Mures,TGM
 India ,Tiruchirapally,TRZ
 India ,Tirupati,TIR
 Serbia and Montenegro ,Tivat,TIV
 Algeria ,Tlemcen,TLM
 Trinidad and Tobago ,Tobago,TAB
 Libya ,Tobruk,TOB
 BC,Tofino,YAZ
 AK ,Togiak Village,TOG
 AK ,Tok,TKJ
 AK ,Toksook Bay,OOK
 Japan ,Tokunoshima,TKN
 Japan ,Tokushima,TKS
 Japan - All airports ,Tokyo,TYO
 Japan - Haneda ,Tokyo,HND
 Japan - Narita ,Tokyo,NRT
 OH ,Toledo,TOL
 Brazil ,Toledo,TOW
 Mexico ,Toluco,TLC
 Australia ,Tom Price,TPR
 Malaysia ,Tomanggong,TMG
 Mali ,Tombouctou,TOM
 Russia ,Tomsk,TOF
 China ,Tongliao,TGO
 Vanuatu ,Tongoa,TGH
 Australia,Toowoomba,TWB
 KS ,Topeka,FOE
 ON - Downtown Rail service ,Toronto,YBZ
 ON - Guildwood Rail service ,Toronto,XLQ
 ON - International ,Toronto,YYZ
 ON - Toronto Island Airport ,Toronto,YTZ
 Norway - Sandefjord ,Torp Airport Oslo,TRF
 Mexico ,Torreon,TRC
 Vanuatu ,Torres,TOH
 Sweden ,Torsby,TYF
 British Virgin Islands ,Tortola,TOV
 Italy ,Tortoli,TTB
 Costa Rica ,Tortuquero,TTQ
 Japan ,Tottori,TTJ
 New Caledonia ,Touho,TOU
 France ,Toulon,TLN
 France ,Toulouse,TLS
 France ,Tours,TUF
 France - Rail service ,Tours,XSH
 Australia,Townsville,TSV
 Japan ,Toyama,TOY
 Tunisia ,Tozeur,TOE
 Turkey ,Trabzon,TZX
 Thailand ,Trang,TST
 Italy ,Trapani,TPS
 Australia ,Traralgon,TGN
 MI ,Traverse City,TVC
 Bahamas ,Treasure Cay,TCB
 Argentina ,Trelew,REL
 NJ ,Trenton/Mercer,TTN
 Italy ,Trieste,TRS
 Bolivia ,Trinidad,TDD
 Trinidad and Tobago ,Trinidad,POS
 Libya ,Tripoli,TIP
 Sweden ,Trollhattan,THN
 Brazil ,Trombetas,TMT
 Norway ,Tromso,TOS
 Norway ,Trondheim,TRD
 Honduras ,Trujillo,TJI
 Peru ,Trujillo,TRU
 Micronesia ,Truk,TKK
 NS - Rail service ,Truro,XLZ
 Madagascar ,Tsaratanana,TTS
 Madagascar ,Tsiroanomandidy,WTS
 Namibia ,Tsumeb,TSB
 Japan ,Tsushima,TSJ
 French Polynesia ,Tubuai,TUB
 AZ ,Tucson,TUS
 Argentina ,Tucuman,TUC
 Venezuela ,Tucupita,TUV
 Brazil ,Tucurui,TUR
 Papua New Guinea ,Tufi,TFI
 Philippines ,Tuguegarao,TUG
 NT ,Tuktoyaktuk,YUB
 Ecuador ,Tulcan,TUA
 Madagascar ,Tulear,TLE
 NT ,Tulita/Fort Norman,ZFN
 OK ,Tulsa,TUL
 AK ,Tuluksak,TLT
 Ethiopia ,Tum,TUJ
 Colombia ,Tumaco,TCO
 Peru ,Tumbes,TBP
 Tunisia ,Tunis,TUN
 AK ,Tuntutuliak,WTL
 AK ,Tununak,TNK
 China ,Tunxi,TXN
 MS ,Tupelo,TUP
 Saudi Arabia ,Turaif,TUI
 Pakistan ,Turbat,TUK
 Italy ,Turin,TRN
 Finland ,Turku,TKU
 AL ,Tuscaloosa,TCL
 Mexico ,Tuxtla Gutierrez,TGZ
 ID ,Twin Falls,TWF
 AK ,Twin Hills,TWA
 TX ,Tyler,TYR
 Russia ,Tyumen,TJM
 Japan ,Ube,UBJ
 Brazil ,Uberaba,UBA
 Brazil ,Uberlandia,UDI
 Thailand ,Ubon Ratchathani,UBP
 India ,Udaipur,UDR
 Thailand ,Udon Thani,UTH
 Russia ,Ufa,UFA
 Marshall Islands ,Ujae Island,UJE
 Indonesia ,Ujung Pandang,UPG
 Russia ,Ukhta,UCT
 Mongolia ,Ulaanbaatar,ULN
 China ,Ulanhot,HLH
 Russia ,Ulan-Ude,UUD
 Vanuatu ,Ulei,ULB
 Mongolia ,Uliastai,ULY
 Micronesia ,Ulithi,ULI
 South Korea ,Ulsan,USN
 South Africa ,Ulundi,ULD
 Sweden ,Umea,UME
 QC ,Umiujag,YUD
 South Africa ,Umtata,UTT
 AK ,Unalakleet,UNK
 Greenland ,Upernavik,JUV
 South Africa ,Upington,UTN
 Russia ,Uraj,URJ
 Kazakhstan ,Uralsk,URA
 SK ,Uranium City,YBE
 IL ,Urbana/Champaign,CMI
 Uzbekistan ,Urgench,UGC
 Iran ,Urmieh,OMH
 Papua New Guinea ,Uroubi,URU
 Mexico ,Uruapan,UPN
 Brazil ,Uruguaiana,URG
 China ,Urumqi,URC
 Australia ,Useless Loop,USL
 Argentina ,Ushuaia,USH
 Russia ,Usinsk,USK
 Russia ,Ust-Ilimsk,UIK
 Kazakhstan ,Ust-Kamenogorsk,UKK
 Thailand ,Utapao,UTP
 NY ,Utica,UCA
 Honduras ,Utila,UII
 Marshall Islands ,Utirik Island,UTK
 AK ,Utopia Creek,UTO
 Greeland ,Uummannaq,UMD
 Ukraine ,Uzhgorod,UDJ
 Antigua & Barbuda ,V.C. Bird International,ANU
 Finland ,Vaasa,VAA
 India ,Vadodara,BDQ
 Norway ,Vadso,VDS
 CO - Eagle County Airport ,Vail,EGE
 CO - Van service ,Vail,QBF
 AK ,Valdez,VDZ
 Chile ,Valdivia,ZAL
 QC ,Val-d'Or,YVO
 GA ,Valdosta,VLD
 Spain ,Valencia,VLC
 Venezuela ,Valencia,VLN
 France ,Valenciennes,XVS
 Venezuela ,Valera,VLV
 Vanuatu ,Valesdir,VLS
 Spain and Canary Islands ,Valladolid,VLL
 Colombia ,Valledupar,VUP
 FL ,Valparaiso,VPS
 Spain and Canary Islands - Hierro ,Valverde,VDE
 Turkey ,Van,VAN
 BC ,Vancouver,YVR
 BC - Coal Harbour ,Vancouver,CXH
 BC - International ,Vancouver,YVR
 BC - Rail service ,Vancouver,XEA
 Papua New Guinea ,Vanimo,VAI
 Fiji ,Vanuabalavu,VBV
 Cuba ,Varadero,VRA
 India ,Varanasi,VNS
 Norway ,Vardoe,VAW
 Brazil ,Varginha,VAG
 Finland ,Varkaus,VRK
 Bulgaria ,Varna,VAR
 Sweden ,Vasteras,VST
 Madagascar ,Vatomatry,VAT
 Tonga ,Vava'u,VAV
 Sweden ,Vaxjo,VXO
 AK ,Venetie,VEE
 Italy - Marco Polo ,Venice,VCE
 Italy - Treviso ,Venice,TSF
 CA ,Ventura/Oxnard,OXR
 Mexico ,Veracruz,VER
 UT ,Vernal,VEL
 Italy ,Verona,VRN
 Iceland ,Vestmannaeyjar,VEY
 Zimbabwe ,Victoria Falls,VFA
 Australia ,Victoria River Downs,VCD
 BC - Inner Harbor ,Victoria,YWH
 BC - International ,Victoria,YYJ
 TX ,Victoria,VCT
 Argentina ,Viedma,VDM
 Austria ,Vienna,VIE
 Laos - Wattay ,Vientiane,VTE
 Puerto Rico ,Vieques,VQS
 Spain ,Vigo,VGO
 Mozambique ,Vilanculos,VNX
 Sweden ,Vilhelmina,VHM
 Brazil ,Vilhena,BVH
 Argentina ,Villa Gesell,VLG
 Argentina ,Villa Mercedes,VME
 Mexico ,Villahermosa,VSA
 Lithuania ,Vilnius,VNO
 Viet Nam ,Vinh City,VII
 British Virgin Islands ,Virgin Gorda,VIJ
 CA ,Visalia,VIS
 Sweden ,Visby,VBY
 India ,Vishakhapatnam,VTZ
 Belarus ,Vitebsk,VTB
 BA,Vitoria da Conquista,VDC
 Spain and Canary Islands ,Vitoria,VIT
 Papua New Guinea ,Vivigani,VIV
 Russia ,Vladikavkaz,OGZ
 Russia ,Vladivostok,VVO
 Madagascar ,Vohemar,VOH
 Russia ,Volgodonsk,VLK
 Russia ,Volgograd,VOG
 Iceland ,Vopnafjordur,VPN
 Russia ,Vorkuta,VKT
 Russia ,Voronezh,VOZ
 NL ,Wabush,YWK
 TX ,Waco,ACT
 Saudi Arabia ,Wadi Ad Dawasir,WAE
 Sudan ,Wadi Halfa,WHF
 Indonesia ,Wagethe,WET
 Australia ,Wagga Wagga,WGA
 Indonesia ,Wahai,WBA
 Indonesia ,Waingapo,WGP
 AK ,Wainwright,AIN
 Japan ,Wakkanai,WKJ
 Vanuatu ,Walaha,WLH
 AK ,Wales,WAA
 Australia ,Walgett,WGE
 WA ,Walla Walla,ALW
 Wallis and Futuna Islands ,Wallis Island,WLS
 Namibia ,Walvis Bay,WVB
 Indonesia ,Wamena,WMX
 New Zealand ,Wanaka,WKA
 New Zealand ,Wanganui,WAG
 Germany ,Wangerooge,AGE
 Papua New Guinea ,Wanigela,AGL
 China ,Wanxian,WXN
 Poland ,Warsaw,WAW
,Washington DC - All airports ,WAS
,Washington DC - Dulles ,IAD
,Washington DC - National ,DCA
 Indonesia ,Wasior,WSR
 QC ,Waskaganish,YKQ
 Papua New Guinea ,Wasu,WSU
 AK ,Waterfall,KWF
 Ireland ,Waterford,WAT
 IA ,Waterloo,ALO
 NY ,Watertown,ART
 SD ,Watertown,ATY
 ON - Rail service ,Watford,XWA
 Papua New Guinea ,Wau,WUG
 Sudan ,Wau,WUU
 WI ,Wausau/Stevens Point,CWA
 ON ,Webequie,YWP
 Papua New Guinea ,Wedau,WED
 Saudi Arabia ,Wedjh,EJH
 China ,Weihai,WEH
 Australia,Weipa,WEI
 New Zealand ,Wellington,WLG
 QC ,Wemindji,YNC
 WA ,Wenatchee,EAT
 China ,Wenzhou,WNZ
 FL ,West Palm Beach,PBI
 MT ,West Yellowstone,WYS
 NY ,Westchester County,HPN
 Germany ,Westerland,GWT
 RI ,Westerly,WST
 New Zealand ,Westport,WSZ
 United Kingdom ,Westray,WRY
 WA ,Westsound,WSX
 Papua New Guinea ,Wewak,WWK
 QC - Rail service ,Weymont,XFQ
 NT ,Wha Ti/Lac La Martre,YLE
 New Zealand ,Whakatane,WHK
 NU ,Whale Cove,YXN
 AK ,Whale Pass,WWP
 New Zealand ,Whangarei,WRE
 AK ,White Mountain,WMO
 ON ,White River,YWR
 VT ,White River,LEB
 YT ,Whitehorse,YXY
 Australia ,Whyalla,WYA
 TX ,Wichita Falls,SPS
 KS ,Wichita,ICT
 United Kingdom ,Wick,WIC
 Germany ,Wilhelmshaven,WVN
 PA ,Wilkes Barre,AVP
 NL ,Williams Harbour,YWM
 BC ,Williams Lake,YWL
 VA ,Williamsburg,PHF
 PA ,Williamsport,IPT
 ND ,Williston,ISN
 NC ,Wilmington,ILM
 Australia ,Wiluna,WUN
 Australia,Windarra,WNR
 CT ,Windsor Locks,BDL
 ON ,Windsor,YQG
 ON - Rail service ,Windsor,XEC
 MB - International ,Winnipeg,YWG
 MB - Rail service ,Winnipeg,XEF
 Australia,Winton,WIN
 Marshall Islands ,Woja,WJA
 SK ,Wollaston Lake,ZWL
 Taiwan ,Wonan,WOT
 South Korea ,WonJu,WJU
 ON - Rail service ,Woodstock,XIP
 MA ,Worcester,ORH
 WY ,Worland,WRL
 Marshall Islands ,Wotho Island,WTO
 Marshall Islands ,Wotje Island,WTE
 AK ,Wrangell,WRG
 Poland ,Wroclaw,WRO
 Australia ,Wudinna,WUD
 China ,Wuhan,WUH
 ON ,Wunnummin Lake,WNN
 China ,Wuyishan,WUS
 Australia ,Wyndham,WYN
 ON - Rail service ,Wyoming,XWY
 China - Xianyang ,Xi An,XIY
 China ,Xiamen,XMN
 China ,Xiangfan,XFN
 China ,Xichang,XIC
 Laos ,Xieng Khouang,XKH
 China ,Xilinhot,XIL
 China ,Xining,XNN
 China ,Xuzhou,XUZ
 WA ,Yakima,YKM
 AK ,Yakutat,YAK
 Russia ,Yakutsk,YKS
 Papua New Guinea ,Yalumet,KYX
 Australia,Yam Island,XMY
 Japan ,Yamagata,GAJ
 China ,Yan'an,ENY
 Saudi Arabia ,Yanbu,YNB
 China ,Yancheng,YNZ
 Solomon Islands ,Yandina,XYA
 Myanmar ,Yangon,RGN
 China ,Yanji,YNJ
 China ,Yantai,YNT
 Cameroon ,Yaounde,YAO
 Micronesia ,Yap,YAP
 NS ,Yarmouth,YQI
 Russia ,Yaroslavl,IAR
 Iran ,Yazd,AZD
 Mali ,Yelimane,EYL
 NT ,Yellowknife,YZF
 WY ,Yellowstone/Cody,COD
 South Korea ,Yeosu,RSU
 Armenia ,Yerevan,EVN
 China ,Yibin,YBP
 China ,Yichang,YIH
 China ,Yinchuan,INC
 China ,Yining,YIN
 China ,Yiwu,YIW
 Indonesia ,Yogyakarta,JOG
 Japan ,Yonago,YGJ
 Japan ,Yonaguni Jima,OGN
 MB ,York Landing,ZAC
 Australia,Yorke Island,OKR
 Japan ,Yoronjima,RNJ
 OH ,Youngstown,YNG
 China ,Yulin,UYN
 AZ ,Yuma,YUM
 Russia ,Yuzhno-Sakhalinsk,UUS
 Croatia ,Zadar,ZAD
 Croatia ,Zagreb,ZAG
 Iran ,Zahedan,ZAH
 Greece ,Zakinthos Island,ZTH
 Philippines ,Zamboanga,ZAM
 Tanzania - Kisauni ,Zanzibar,ZNZ
 Ukraine ,Zaporozhye,OZH
 Spain and Canary Islands ,Zaragoza,ZAZ
 China ,Zhanjiang,ZHA
 China ,Zhaotong,ZAT
 China ,Zhengzha,CGO
 Pakistan ,Zhob,PZH
 China ,Zhoushan,HSN
 China ,Zhuhai,ZUH
 Poland ,Zielana,IEG
 Mexico ,Zihuatanejo/Ixtapa,ZIH
 Mauritania ,Zouerate,OUZ
 Indonesia ,Zugapa,UGU
 Switzerland ,Zurich,ZRH
